Elapsed Time (seconds),Voltage 1,Voltage 2,Voltage 3,Voltage 4
0.000000,2.482893,2.458456,2.326491,2.272727
0.504000,2.487781,2.453568,2.326491,2.267840
1.009000,2.478006,2.448680,2.331378,2.267840
1.515000,2.487781,2.453568,2.331378,2.272727
2.020000,2.482893,2.448680,2.331378,2.272727
2.526000,2.487781,2.448680,2.326491,2.272727
3.031000,2.482893,2.448680,2.331378,2.267840
3.535000,2.482893,2.448680,2.326491,2.267840
4.041000,2.478006,2.443793,2.321603,2.267840
4.546000,2.473118,2.434018,2.326491,2.253177
5.052000,2.473118,2.434018,2.326491,2.258064
5.557000,2.473118,2.429130,2.321603,2.262952
6.063000,2.473118,2.429130,2.316715,2.267840
6.567000,2.468231,2.429130,2.326491,2.272727
7.073000,2.468231,2.434018,2.316715,2.272727
7.578000,2.463343,2.443793,2.311828,2.267840
8.083000,2.463343,2.438905,2.316715,2.267840
8.589000,2.473118,2.443793,2.311828,2.272727
9.094000,2.458456,2.429130,2.302053,2.262952
9.600000,2.458456,2.434018,2.302053,2.262952
10.104000,2.463343,2.434018,2.302053,2.272727
10.610000,2.463343,2.429130,2.297165,2.262952
11.115000,2.468231,2.429130,2.302053,2.262952
11.621000,2.468231,2.424242,2.292278,2.262952
12.126000,2.463343,2.424242,2.297165,2.262952
12.632000,2.463343,2.424242,2.297165,2.262952
13.136000,2.458456,2.419355,2.297165,2.258064
13.642000,2.463343,2.424242,2.292278,2.258064
14.147000,2.458456,2.424242,2.297165,2.253177
14.653000,2.458456,2.424242,2.297165,2.258064
15.158000,2.458456,2.424242,2.297165,2.258064
15.663000,2.453568,2.424242,2.297165,2.248289
16.168000,2.453568,2.414467,2.302053,2.253177
16.673000,2.453568,2.424242,2.302053,2.253177
17.179000,2.453568,2.414467,2.302053,2.253177
17.684000,2.453568,2.424242,2.302053,2.253177
18.190000,2.453568,2.419355,2.306940,2.248289
18.695000,2.453568,2.419355,2.297165,2.253177
19.201000,2.448680,2.414467,2.297165,2.248289
19.705000,2.453568,2.419355,2.297165,2.253177
20.211000,2.448680,2.414467,2.292278,2.253177
20.716000,2.448680,2.414467,2.292278,2.248289
21.222000,2.443793,2.414467,2.287390,2.248289
21.727000,2.448680,2.414467,2.282502,2.253177
22.233000,2.443793,2.409579,2.287390,2.243402
22.737000,2.448680,2.409579,2.282502,2.248289
23.243000,2.443793,2.409579,2.277615,2.243402
23.748000,2.438905,2.409579,2.277615,2.238514
24.254000,2.438905,2.404692,2.282502,2.243402
24.759000,2.438905,2.404692,2.272727,2.243402
25.265000,2.443793,2.404692,2.272727,2.238514
25.769000,2.438905,2.399804,2.272727,2.238514
26.275000,2.438905,2.399804,2.272727,2.238514
26.780000,2.438905,2.399804,2.272727,2.233627
27.285000,2.434018,2.394917,2.272727,2.238514
27.791000,2.434018,2.399804,2.267840,2.238514
28.296000,2.434018,2.394917,2.267840,2.238514
28.802000,2.438905,2.394917,2.272727,2.238514
29.306000,2.434018,2.394917,2.267840,2.238514
29.812000,2.429130,2.394917,2.272727,2.233627
30.317000,2.429130,2.390029,2.272727,2.238514
30.823000,2.434018,2.394917,2.272727,2.238514
31.328000,2.429130,2.394917,2.262952,2.233627
31.834000,2.429130,2.394917,2.267840,2.238514
32.338000,2.424242,2.390029,2.262952,2.238514
32.844000,2.424242,2.385142,2.262952,2.233627
33.349000,2.424242,2.390029,2.262952,2.233627
33.855000,2.424242,2.390029,2.258064,2.228739
34.360000,2.424242,2.390029,2.258064,2.228739
34.866000,2.424242,2.390029,2.258064,2.228739
35.371000,2.424242,2.385142,2.253177,2.228739
35.876000,2.419355,2.380254,2.253177,2.223851
36.381000,2.419355,2.394917,2.262952,2.228739
36.887000,2.424242,2.385142,2.262952,2.228739
37.392000,2.429130,2.394917,2.272727,2.223851
37.898000,2.434018,2.394917,2.277615,2.223851
38.403000,2.429130,2.399804,2.272727,2.223851
38.908000,2.438905,2.390029,2.267840,2.223851
39.413000,2.443793,2.380254,2.262952,2.218964
39.918000,2.443793,2.380254,2.258064,2.214076
40.424000,2.438905,2.380254,2.253177,2.214076
40.929000,2.429130,2.380254,2.253177,2.209189
41.435000,2.419355,2.375366,2.253177,2.214076
41.939000,2.409579,2.380254,2.253177,2.223851
42.445000,2.409579,2.375366,2.258064,2.228739
42.950000,2.404692,2.380254,2.262952,2.223851
43.456000,2.404692,2.375366,2.267840,2.228739
43.961000,2.404692,2.380254,2.262952,2.223851
44.467000,2.399804,2.375366,2.262952,2.218964
44.972000,2.404692,2.380254,2.267840,2.218964
45.477000,2.404692,2.375366,2.262952,2.223851
45.982000,2.404692,2.375366,2.262952,2.223851
46.488000,2.404692,2.375366,2.267840,2.223851
46.993000,2.404692,2.375366,2.262952,2.223851
47.499000,2.414467,2.375366,2.262952,2.218964
48.004000,2.409579,2.375366,2.258064,2.223851
48.509000,2.414467,2.375366,2.253177,2.228739
49.014000,2.404692,2.370479,2.253177,2.223851
49.520000,2.409579,2.375366,2.253177,2.228739
50.025000,2.404692,2.375366,2.248289,2.223851
50.531000,2.399804,2.365591,2.243402,2.223851
51.036000,2.399804,2.365591,2.238514,2.223851
51.540000,2.404692,2.375366,2.238514,2.223851
52.046000,2.404692,2.370479,2.243402,2.218964
52.551000,2.399804,2.370479,2.243402,2.218964
53.057000,2.399804,2.370479,2.238514,2.214076
53.562000,2.399804,2.370479,2.243402,2.209189
54.068000,2.399804,2.370479,2.238514,2.209189
54.573000,2.394917,2.370479,2.238514,2.209189
55.078000,2.399804,2.365591,2.238514,2.204301
55.583000,2.399804,2.365591,2.238514,2.204301
56.089000,2.399804,2.365591,2.238514,2.199414
56.594000,2.399804,2.365591,2.243402,2.199414
57.100000,2.394917,2.365591,2.238514,2.199414
57.605000,2.399804,2.360704,2.233627,2.199414
58.110000,2.394917,2.365591,2.238514,2.199414
58.615000,2.394917,2.360704,2.238514,2.199414
59.121000,2.394917,2.360704,2.243402,2.194526
59.626000,2.399804,2.365591,2.243402,2.194526
60.132000,2.399804,2.365591,2.243402,2.184751
60.637000,2.399804,2.365591,2.243402,2.184751
61.143000,2.404692,2.365591,2.248289,2.184751
61.647000,2.409579,2.370479,2.243402,2.189638
62.152000,2.409579,2.370479,2.248289,2.189638
62.658000,2.404692,2.370479,2.248289,2.189638
63.163000,2.409579,2.375366,2.248289,2.184751
63.669000,2.394917,2.380254,2.248289,2.184751
64.174000,2.409579,2.380254,2.253177,2.184751
64.679000,2.414467,2.385142,2.248289,2.189638
65.184000,2.419355,2.385142,2.253177,2.189638
65.690000,2.414467,2.380254,2.253177,2.184751
66.195000,2.419355,2.380254,2.258064,2.194526
66.701000,2.414467,2.370479,2.253177,2.189638
67.206000,2.414467,2.365591,2.258064,2.194526
67.712000,2.414467,2.360704,2.253177,2.194526
68.216000,2.414467,2.360704,2.258064,2.194526
68.722000,2.414467,2.350929,2.258064,2.189638
69.227000,2.414467,2.350929,2.253177,2.184751
69.733000,2.414467,2.350929,2.243402,2.179863
70.238000,2.424242,2.350929,2.248289,2.184751
70.744000,2.414467,2.341153,2.238514,2.179863
71.248000,2.419355,2.346041,2.243402,2.184751
71.754000,2.414467,2.341153,2.228739,2.179863
72.259000,2.409579,2.336266,2.218964,2.179863
72.765000,2.409579,2.336266,2.214076,2.174976
73.270000,2.399804,2.331378,2.209189,2.179863
73.776000,2.394917,2.336266,2.209189,2.170088
74.280000,2.390029,2.331378,2.204301,2.170088
74.786000,2.380254,2.336266,2.209189,2.174976
75.291000,2.375366,2.331378,2.204301,2.174976
75.797000,2.375366,2.331378,2.204301,2.170088
76.302000,2.375366,2.336266,2.204301,2.170088
76.808000,2.370479,2.336266,2.209189,2.170088
77.313000,2.365591,2.331378,2.204301,2.170088
77.818000,2.370479,2.336266,2.214076,2.174976
78.323000,2.375366,2.331378,2.214076,2.170088
78.828000,2.375366,2.336266,2.209189,2.170088
79.334000,2.370479,2.336266,2.214076,2.170088
79.839000,2.375366,2.336266,2.209189,2.165200
80.345000,2.375366,2.336266,2.214076,2.165200
80.849000,2.375366,2.336266,2.209189,2.165200
81.355000,2.370479,2.336266,2.214076,2.165200
81.860000,2.375366,2.336266,2.209189,2.165200
82.366000,2.370479,2.336266,2.204301,2.165200
82.871000,2.370479,2.336266,2.204301,2.165200
83.377000,2.375366,2.336266,2.209189,2.165200
83.881000,2.375366,2.336266,2.209189,2.165200
84.387000,2.385142,2.331378,2.209189,2.160313
84.892000,2.385142,2.336266,2.209189,2.160313
85.398000,2.390029,2.336266,2.209189,2.165200
85.903000,2.380254,2.336266,2.209189,2.160313
86.409000,2.375366,2.336266,2.214076,2.160313
86.914000,2.375366,2.336266,2.209189,2.160313
87.419000,2.365591,2.336266,2.209189,2.155425
87.924000,2.375366,2.336266,2.209189,2.155425
88.430000,2.380254,2.336266,2.209189,2.160313
88.935000,2.385142,2.331378,2.204301,2.155425
89.441000,2.385142,2.331378,2.209189,2.155425
89.946000,2.380254,2.331378,2.204301,2.160313
90.451000,2.370479,2.321603,2.204301,2.155425
90.956000,2.370479,2.326491,2.214076,2.160313
91.462000,2.365591,2.326491,2.214076,2.155425
91.967000,2.360704,2.326491,2.204301,2.155425
92.473000,2.360704,2.321603,2.214076,2.155425
92.978000,2.355816,2.326491,2.204301,2.155425
93.483000,2.355816,2.321603,2.204301,2.155425
93.988000,2.355816,2.321603,2.204301,2.155425
94.493000,2.355816,2.321603,2.199414,2.155425
94.999000,2.355816,2.316715,2.194526,2.150538
95.504000,2.355816,2.321603,2.194526,2.160313
96.010000,2.355816,2.316715,2.194526,2.155425
96.515000,2.355816,2.316715,2.194526,2.150538
97.020000,2.355816,2.321603,2.194526,2.150538
97.525000,2.355816,2.316715,2.194526,2.150538
98.031000,2.355816,2.321603,2.189638,2.150538
98.536000,2.355816,2.316715,2.199414,2.150538
99.042000,2.355816,2.316715,2.194526,2.150538
99.547000,2.346041,2.311828,2.194526,2.145650
100.052000,2.355816,2.316715,2.194526,2.150538
100.557000,2.350929,2.316715,2.194526,2.145650
101.063000,2.350929,2.316715,2.189638,2.145650
101.568000,2.346041,2.321603,2.189638,2.145650
102.074000,2.346041,2.311828,2.184751,2.150538
102.580000,2.346041,2.316715,2.179863,2.145650
103.085000,2.346041,2.311828,2.184751,2.145650
103.590000,2.346041,2.306940,2.179863,2.145650
104.095000,2.341153,2.302053,2.174976,2.135875
104.601000,2.346041,2.306940,2.179863,2.140763
105.106000,2.341153,2.306940,2.174976,2.140763
105.612000,2.346041,2.302053,2.174976,2.135875
106.117000,2.346041,2.302053,2.174976,2.135875
106.622000,2.341153,2.302053,2.174976,2.135875
107.127000,2.341153,2.302053,2.170088,2.135875
107.633000,2.341153,2.302053,2.179863,2.135875
108.138000,2.341153,2.302053,2.174976,2.135875
108.644000,2.336266,2.297165,2.174976,2.130987
109.149000,2.331378,2.292278,2.170088,2.130987
109.655000,2.331378,2.297165,2.174976,2.140763
110.160000,2.331378,2.297165,2.179863,2.145650
110.665000,2.331378,2.306940,2.174976,2.140763
111.171000,2.326491,2.311828,2.174976,2.135875
111.676000,2.331378,2.316715,2.179863,2.126100
112.182000,2.331378,2.321603,2.179863,2.130987
112.687000,2.331378,2.326491,2.184751,2.130987
113.192000,2.336266,2.331378,2.184751,2.126100
113.697000,2.336266,2.331378,2.189638,2.121212
114.203000,2.331378,2.326491,2.189638,2.126100
114.708000,2.336266,2.326491,2.184751,2.126100
115.214000,2.336266,2.321603,2.189638,2.130987
115.720000,2.336266,2.311828,2.189638,2.135875
116.225000,2.336266,2.306940,2.184751,2.130987
116.730000,2.336266,2.306940,2.179863,2.130987
117.235000,2.341153,2.297165,2.184751,2.135875
117.741000,2.336266,2.297165,2.184751,2.130987
118.246000,2.336266,2.297165,2.179863,2.126100
118.752000,2.331378,2.292278,2.179863,2.130987
119.257000,2.331378,2.292278,2.179863,2.126100
119.762000,2.331378,2.287390,2.179863,2.116325
120.267000,2.331378,2.287390,2.179863,2.121212
120.773000,2.331378,2.282502,2.174976,2.116325
121.279000,2.331378,2.282502,2.174976,2.121212
121.784000,2.336266,2.282502,2.174976,2.121212
122.290000,2.331378,2.282502,2.165200,2.121212
122.795000,2.331378,2.282502,2.165200,2.116325
123.300000,2.321603,2.287390,2.165200,2.126100
123.805000,2.326491,2.287390,2.160313,2.121212
124.311000,2.321603,2.292278,2.160313,2.121212
124.816000,2.331378,2.282502,2.165200,2.121212
125.322000,2.331378,2.277615,2.165200,2.121212
125.827000,2.331378,2.282502,2.165200,2.111437
126.332000,2.336266,2.282502,2.165200,2.106549
126.837000,2.341153,2.282502,2.170088,2.106549
127.343000,2.341153,2.282502,2.165200,2.111437
127.849000,2.341153,2.282502,2.165200,2.111437
128.354000,2.341153,2.277615,2.165200,2.106549
128.860000,2.341153,2.277615,2.165200,2.106549
129.364000,2.341153,2.282502,2.170088,2.106549
129.870000,2.341153,2.297165,2.165200,2.096774
130.375000,2.336266,2.302053,2.165200,2.096774
130.881000,2.336266,2.302053,2.170088,2.096774
131.386000,2.341153,2.302053,2.170088,2.101662
131.892000,2.341153,2.302053,2.170088,2.101662
132.397000,2.341153,2.302053,2.170088,2.106549
132.902000,2.336266,2.306940,2.165200,2.106549
133.407000,2.331378,2.302053,2.165200,2.106549
133.913000,2.331378,2.302053,2.170088,2.106549
134.418000,2.336266,2.302053,2.174976,2.111437
134.924000,2.336266,2.297165,2.170088,2.106549
135.429000,2.326491,2.302053,2.174976,2.106549
135.934000,2.326491,2.292278,2.170088,2.106549
136.440000,2.321603,2.297165,2.174976,2.101662
136.945000,2.321603,2.297165,2.170088,2.106549
137.451000,2.321603,2.287390,2.165200,2.101662
137.956000,2.321603,2.287390,2.165200,2.096774
138.462000,2.321603,2.282502,2.170088,2.096774
138.967000,2.316715,2.277615,2.165200,2.091886
139.472000,2.311828,2.267840,2.160313,2.082111
139.977000,2.302053,2.267840,2.155425,2.082111
140.483000,2.311828,2.267840,2.160313,2.091886
140.988000,2.302053,2.272727,2.155425,2.091886
141.494000,2.306940,2.272727,2.155425,2.096774
141.999000,2.306940,2.277615,2.155425,2.091886
142.504000,2.306940,2.272727,2.155425,2.091886
143.009000,2.306940,2.277615,2.160313,2.091886
143.515000,2.297165,2.272727,2.160313,2.091886
144.020000,2.302053,2.272727,2.155425,2.086999
144.526000,2.306940,2.267840,2.155425,2.091886
145.031000,2.306940,2.262952,2.155425,2.091886
145.537000,2.302053,2.267840,2.150538,2.086999
146.041000,2.297165,2.258064,2.150538,2.096774
146.547000,2.306940,2.262952,2.150538,2.086999
147.053000,2.306940,2.262952,2.145650,2.086999
147.558000,2.316715,2.262952,2.155425,2.091886
148.064000,2.306940,2.258064,2.150538,2.091886
148.569000,2.306940,2.258064,2.150538,2.086999
149.074000,2.311828,2.258064,2.155425,2.082111
149.579000,2.311828,2.253177,2.150538,2.086999
150.085000,2.311828,2.248289,2.150538,2.086999
150.590000,2.302053,2.253177,2.150538,2.082111
151.096000,2.297165,2.253177,2.150538,2.082111
151.601000,2.297165,2.258064,2.145650,2.082111
152.107000,2.292278,2.253177,2.150538,2.077224
152.611000,2.292278,2.253177,2.145650,2.077224
153.117000,2.287390,2.258064,2.140763,2.077224
153.622000,2.282502,2.248289,2.140763,2.072336
154.128000,2.287390,2.253177,2.145650,2.082111
154.634000,2.287390,2.253177,2.145650,2.077224
155.139000,2.282502,2.253177,2.145650,2.077224
155.644000,2.287390,2.262952,2.145650,2.077224
156.149000,2.282502,2.262952,2.140763,2.077224
156.655000,2.287390,2.258064,2.140763,2.077224
157.160000,2.287390,2.262952,2.140763,2.082111
157.666000,2.282502,2.262952,2.135875,2.077224
158.171000,2.292278,2.267840,2.135875,2.077224
158.676000,2.287390,2.272727,2.140763,2.077224
159.181000,2.282502,2.258064,2.130987,2.077224
159.687000,2.287390,2.258064,2.130987,2.072336
160.192000,2.287390,2.253177,2.135875,2.077224
160.698000,2.287390,2.248289,2.130987,2.077224
161.203000,2.282502,2.248289,2.130987,2.072336
161.709000,2.282502,2.243402,2.130987,2.082111
162.213000,2.282502,2.243402,2.126100,2.082111
162.719000,2.282502,2.248289,2.126100,2.072336
163.224000,2.282502,2.243402,2.126100,2.077224
163.730000,2.277615,2.238514,2.126100,2.072336
164.236000,2.277615,2.243402,2.130987,2.067449
164.741000,2.282502,2.243402,2.130987,2.067449
165.246000,2.272727,2.243402,2.126100,2.067449
165.751000,2.277615,2.238514,2.126100,2.067449
166.257000,2.277615,2.238514,2.121212,2.072336
166.762000,2.282502,2.238514,2.121212,2.072336
167.268000,2.272727,2.238514,2.121212,2.067449
167.773000,2.272727,2.238514,2.121212,2.067449
168.279000,2.272727,2.233627,2.121212,2.067449
168.783000,2.267840,2.238514,2.121212,2.062561
169.289000,2.267840,2.233627,2.126100,2.067449
169.794000,2.267840,2.233627,2.116325,2.062561
170.300000,2.267840,2.228739,2.121212,2.062561
170.805000,2.267840,2.228739,2.121212,2.062561
171.311000,2.267840,2.233627,2.121212,2.062561
171.816000,2.262952,2.228739,2.121212,2.062561
172.321000,2.267840,2.228739,2.121212,2.062561
172.827000,2.267840,2.228739,2.116325,2.062561
173.332000,2.267840,2.228739,2.116325,2.057673
173.838000,2.267840,2.223851,2.121212,2.067449
174.343000,2.267840,2.228739,2.116325,2.057673
174.849000,2.272727,2.223851,2.111437,2.057673
175.353000,2.272727,2.223851,2.116325,2.062561
175.859000,2.267840,2.218964,2.111437,2.057673
176.364000,2.267840,2.223851,2.111437,2.057673
176.870000,2.272727,2.223851,2.116325,2.062561
177.375000,2.267840,2.218964,2.111437,2.062561
177.881000,2.267840,2.223851,2.111437,2.057673
178.386000,2.262952,2.223851,2.111437,2.057673
178.891000,2.262952,2.218964,2.106549,2.052786
179.397000,2.253177,2.223851,2.106549,2.052786
179.902000,2.258064,2.228739,2.106549,2.047898
180.408000,2.258064,2.228739,2.106549,2.043011
180.913000,2.258064,2.223851,2.106549,2.033236
181.419000,2.253177,2.228739,2.111437,2.043011
181.923000,2.253177,2.233627,2.101662,2.047898
182.429000,2.253177,2.248289,2.106549,2.047898
182.934000,2.253177,2.243402,2.106549,2.033236
183.440000,2.253177,2.248289,2.101662,2.028348
183.945000,2.253177,2.248289,2.096774,2.033236
184.451000,2.253177,2.253177,2.096774,2.033236
184.955000,2.253177,2.243402,2.096774,2.043011
185.461000,2.253177,2.243402,2.091886,2.043011
185.966000,2.253177,2.243402,2.096774,2.038123
186.472000,2.253177,2.243402,2.096774,2.047898
186.978000,2.253177,2.248289,2.096774,2.043011
187.483000,2.258064,2.253177,2.096774,2.047898
187.988000,2.248289,2.248289,2.101662,2.047898
188.493000,2.253177,2.238514,2.101662,2.047898
188.999000,2.248289,2.238514,2.101662,2.047898
189.504000,2.248289,2.233627,2.101662,2.043011
190.010000,2.253177,2.228739,2.096774,2.047898
190.515000,2.248289,2.228739,2.096774,2.043011
191.021000,2.248289,2.228739,2.101662,2.043011
191.525000,2.248289,2.223851,2.101662,2.047898
192.031000,2.248289,2.223851,2.091886,2.047898
192.536000,2.248289,2.214076,2.096774,2.047898
193.042000,2.253177,2.209189,2.091886,2.047898
193.547000,2.248289,2.209189,2.086999,2.043011
194.053000,2.248289,2.209189,2.091886,2.043011
194.557000,2.248289,2.204301,2.082111,2.038123
195.063000,2.248289,2.204301,2.077224,2.033236
195.568000,2.248289,2.204301,2.082111,2.033236
196.074000,2.248289,2.199414,2.077224,2.038123
196.580000,2.248289,2.199414,2.072336,2.038123
197.085000,2.238514,2.194526,2.072336,2.033236
197.591000,2.243402,2.204301,2.072336,2.028348
198.095000,2.243402,2.204301,2.072336,2.018573
198.601000,2.243402,2.204301,2.082111,2.018573
199.106000,2.238514,2.204301,2.072336,2.013685
199.612000,2.243402,2.209189,2.077224,2.013685
200.117000,2.243402,2.214076,2.082111,2.018573
200.623000,2.233627,2.209189,2.077224,2.018573
201.127000,2.243402,2.218964,2.082111,2.013685
201.633000,2.243402,2.218964,2.082111,2.018573
202.138000,2.238514,2.223851,2.082111,2.023460
202.644000,2.238514,2.223851,2.077224,2.028348
203.149000,2.248289,2.233627,2.082111,2.023460
203.655000,2.258064,2.228739,2.077224,2.028348
204.160000,2.253177,2.228739,2.082111,2.023460
204.665000,2.258064,2.228739,2.082111,2.023460
205.170000,2.253177,2.223851,2.077224,2.028348
205.676000,2.253177,2.218964,2.077224,2.023460
206.182000,2.253177,2.218964,2.082111,2.028348
206.687000,2.258064,2.209189,2.077224,2.023460
207.193000,2.262952,2.214076,2.077224,2.013685
207.697000,2.258064,2.199414,2.077224,2.023460
208.203000,2.262952,2.194526,2.072336,2.023460
208.708000,2.253177,2.194526,2.067449,2.013685
209.214000,2.253177,2.194526,2.072336,2.018573
209.719000,2.253177,2.194526,2.067449,2.023460
210.225000,2.258064,2.189638,2.072336,2.013685
210.729000,2.262952,2.189638,2.072336,2.018573
211.235000,2.258064,2.189638,2.067449,2.023460
211.740000,2.253177,2.189638,2.067449,2.018573
212.246000,2.248289,2.189638,2.067449,2.018573
212.751000,2.243402,2.184751,2.057673,2.023460
213.257000,2.238514,2.189638,2.062561,2.013685
213.762000,2.228739,2.184751,2.062561,2.013685
214.267000,2.223851,2.184751,2.062561,2.018573
214.773000,2.218964,2.179863,2.052786,2.013685
215.278000,2.218964,2.184751,2.057673,2.013685
215.784000,2.218964,2.184751,2.057673,2.013685
216.289000,2.218964,2.179863,2.052786,2.008798
216.795000,2.218964,2.184751,2.052786,2.008798
217.299000,2.218964,2.174976,2.052786,2.008798
217.805000,2.223851,2.174976,2.047898,1.999022
218.310000,2.218964,2.174976,2.057673,2.003910
218.816000,2.223851,2.174976,2.052786,1.999022
219.321000,2.223851,2.170088,2.057673,2.003910
219.827000,2.223851,2.174976,2.057673,1.999022
220.332000,2.223851,2.170088,2.057673,1.999022
220.837000,2.223851,2.170088,2.062561,1.999022
221.342000,2.223851,2.174976,2.067449,2.003910
221.848000,2.218964,2.170088,2.067449,1.999022
222.353000,2.218964,2.170088,2.062561,1.999022
222.859000,2.218964,2.174976,2.057673,1.999022
223.365000,2.218964,2.174976,2.057673,1.999022
223.869000,2.218964,2.184751,2.057673,1.999022
224.375000,2.214076,2.184751,2.047898,1.999022
224.880000,2.223851,2.184751,2.057673,2.003910
225.386000,2.218964,2.184751,2.057673,1.999022
225.891000,2.218964,2.179863,2.057673,1.999022
226.397000,2.218964,2.174976,2.052786,1.999022
226.902000,2.214076,2.174976,2.047898,1.999022
227.407000,2.218964,2.174976,2.052786,1.994135
227.912000,2.218964,2.179863,2.052786,1.999022
228.418000,2.223851,2.174976,2.052786,1.989247
228.923000,2.223851,2.174976,2.047898,1.989247
229.429000,2.228739,2.174976,2.052786,1.994135
229.934000,2.223851,2.174976,2.047898,1.989247
230.439000,2.223851,2.170088,2.047898,1.989247
230.944000,2.228739,2.170088,2.047898,1.994135
231.450000,2.223851,2.170088,2.043011,1.989247
231.955000,2.233627,2.170088,2.043011,1.989247
232.461000,2.218964,2.160313,2.043011,1.984360
232.967000,2.218964,2.170088,2.038123,1.984360
233.472000,2.218964,2.170088,2.043011,1.984360
233.977000,2.214076,2.165200,2.047898,1.984360
234.482000,2.214076,2.165200,2.043011,1.984360
234.988000,2.204301,2.155425,2.038123,1.974585
235.493000,2.214076,2.160313,2.047898,1.984360
235.999000,2.209189,2.165200,2.043011,1.989247
236.504000,2.204301,2.160313,2.038123,1.984360
237.009000,2.204301,2.165200,2.043011,1.989247
237.514000,2.199414,2.165200,2.038123,1.984360
238.020000,2.194526,2.160313,2.038123,1.979472
238.525000,2.199414,2.155425,2.038123,1.979472
239.031000,2.194526,2.150538,2.033236,1.984360
239.536000,2.189638,2.150538,2.033236,1.979472
240.041000,2.184751,2.150538,2.033236,1.979472
240.546000,2.189638,2.160313,2.028348,1.984360
241.052000,2.189638,2.165200,2.028348,1.979472
241.557000,2.189638,2.165200,2.028348,1.979472
242.063000,2.194526,2.174976,2.023460,1.984360
242.568000,2.199414,2.174976,2.023460,1.979472
243.074000,2.194526,2.174976,2.023460,1.984360
243.579000,2.199414,2.170088,2.023460,1.979472
244.084000,2.189638,2.170088,2.018573,1.984360
244.590000,2.189638,2.160313,2.023460,1.984360
245.095000,2.189638,2.165200,2.023460,1.979472
245.601000,2.189638,2.160313,2.023460,1.979472
246.106000,2.194526,2.160313,2.028348,1.969697
246.611000,2.189638,2.155425,2.023460,1.974585
247.116000,2.199414,2.165200,2.028348,1.974585
247.622000,2.204301,2.170088,2.033236,1.969697
248.127000,2.209189,2.170088,2.033236,1.974585
248.633000,2.209189,2.170088,2.028348,1.964809
249.138000,2.209189,2.170088,2.028348,1.959922
249.644000,2.214076,2.165200,2.023460,1.964809
250.148000,2.209189,2.165200,2.028348,1.959922
250.654000,2.209189,2.165200,2.028348,1.964809
251.159000,2.209189,2.165200,2.028348,1.969697
251.665000,2.214076,2.165200,2.028348,1.964809
252.170000,2.209189,2.160313,2.028348,1.959922
252.676000,2.218964,2.155425,2.028348,1.959922
253.180000,2.209189,2.160313,2.023460,1.955034
253.686000,2.209189,2.155425,2.028348,1.955034
254.192000,2.209189,2.160313,2.028348,1.955034
254.697000,2.204301,2.155425,2.028348,1.955034
255.203000,2.209189,2.155425,2.028348,1.955034
255.708000,2.204301,2.160313,2.023460,1.955034
256.214000,2.209189,2.160313,2.018573,1.955034
256.718000,2.204301,2.165200,2.028348,1.959922
257.224000,2.204301,2.165200,2.018573,1.959922
257.729000,2.194526,2.170088,2.023460,1.955034
258.235000,2.199414,2.170088,2.023460,1.959922
258.740000,2.204301,2.170088,2.013685,1.959922
259.246000,2.204301,2.170088,2.018573,1.955034
259.750000,2.204301,2.165200,2.018573,1.950147
260.256000,2.204301,2.165200,2.018573,1.955034
260.761000,2.209189,2.165200,2.018573,1.955034
261.267000,2.209189,2.160313,2.023460,1.959922
261.772000,2.209189,2.155425,2.023460,1.964809
262.278000,2.199414,2.145650,2.013685,1.950147
262.782000,2.204301,2.150538,2.023460,1.955034
263.288000,2.204301,2.150538,2.018573,1.959922
263.793000,2.199414,2.145650,2.018573,1.955034
264.299000,2.194526,2.150538,2.028348,1.959922
264.804000,2.194526,2.150538,2.018573,1.964809
265.310000,2.189638,2.145650,2.018573,1.959922
265.815000,2.189638,2.145650,2.013685,1.950147
266.320000,2.184751,2.135875,2.018573,1.950147
266.826000,2.179863,2.135875,2.013685,1.940371
267.331000,2.174976,2.135875,2.013685,1.945259
267.837000,2.174976,2.130987,2.008798,1.950147
268.342000,2.170088,2.130987,2.008798,1.945259
268.848000,2.170088,2.135875,2.008798,1.945259
269.352000,2.165200,2.135875,2.003910,1.945259
269.858000,2.165200,2.135875,1.994135,1.935484
270.363000,2.155425,2.130987,1.984360,1.930596
270.869000,2.165200,2.135875,1.999022,1.940371
271.374000,2.155425,2.135875,1.989247,1.930596
271.880000,2.160313,2.150538,1.994135,1.935484
272.385000,2.160313,2.150538,1.994135,1.940371
272.890000,2.160313,2.150538,1.994135,1.930596
273.395000,2.165200,2.150538,1.994135,1.935484
273.901000,2.170088,2.145650,1.994135,1.935484
274.406000,2.174976,2.140763,1.994135,1.935484
274.912000,2.179863,2.145650,1.994135,1.930596
275.417000,2.174976,2.140763,1.999022,1.940371
275.922000,2.174976,2.140763,1.999022,1.940371
276.428000,2.174976,2.140763,1.999022,1.940371
276.933000,2.174976,2.140763,1.999022,1.945259
277.439000,2.174976,2.135875,1.999022,1.940371
277.944000,2.170088,2.140763,1.999022,1.935484
278.450000,2.165200,2.140763,1.999022,1.940371
278.955000,2.174976,2.140763,1.999022,1.935484
279.460000,2.170088,2.140763,1.999022,1.935484
279.965000,2.170088,2.135875,1.999022,1.935484
280.471000,2.170088,2.135875,1.999022,1.940371
280.976000,2.170088,2.130987,1.994135,1.940371
281.482000,2.170088,2.130987,1.994135,1.940371
281.987000,2.165200,2.121212,1.989247,1.930596
282.492000,2.160313,2.121212,1.989247,1.935484
282.997000,2.170088,2.126100,1.989247,1.940371
283.503000,2.165200,2.121212,1.984360,1.935484
284.008000,2.160313,2.116325,1.989247,1.930596
284.514000,2.170088,2.116325,1.994135,1.940371
285.019000,2.165200,2.116325,1.994135,1.940371
285.524000,2.170088,2.111437,1.994135,1.935484
286.029000,2.170088,2.111437,1.994135,1.935484
286.535000,2.174976,2.106549,1.994135,1.940371
287.041000,2.170088,2.106549,1.989247,1.930596
287.546000,2.174976,2.111437,1.994135,1.930596
288.052000,2.170088,2.106549,1.989247,1.935484
288.557000,2.170088,2.106549,1.984360,1.930596
289.062000,2.165200,2.106549,1.989247,1.930596
289.567000,2.160313,2.106549,1.979472,1.930596
290.073000,2.155425,2.106549,1.984360,1.930596
290.578000,2.155425,2.111437,1.989247,1.925709
291.084000,2.155425,2.111437,1.979472,1.930596
291.589000,2.145650,2.111437,1.984360,1.925709
292.094000,2.145650,2.106549,1.984360,1.925709
292.599000,2.140763,2.111437,1.979472,1.925709
293.105000,2.145650,2.106549,1.979472,1.920821
293.610000,2.140763,2.101662,1.979472,1.920821
294.116000,2.140763,2.106549,1.979472,1.915933
294.621000,2.145650,2.106549,1.984360,1.915933
295.127000,2.145650,2.106549,1.979472,1.915933
295.632000,2.140763,2.096774,1.974585,1.915933
296.137000,2.140763,2.101662,1.979472,1.911046
296.643000,2.145650,2.101662,1.979472,1.915933
297.148000,2.140763,2.096774,1.974585,1.915933
297.654000,2.140763,2.096774,1.969697,1.906158
298.159000,2.140763,2.096774,1.969697,1.915933
298.664000,2.140763,2.096774,1.969697,1.920821
299.169000,2.140763,2.106549,1.974585,1.915933
299.675000,2.126100,2.101662,1.959922,1.911046
300.180000,2.135875,2.116325,1.964809,1.925709
300.686000,2.130987,2.116325,1.964809,1.920821
301.191000,2.130987,2.121212,1.959922,1.920821
301.697000,2.130987,2.111437,1.959922,1.920821
302.201000,2.130987,2.116325,1.959922,1.920821
302.707000,2.130987,2.111437,1.964809,1.920821
303.212000,2.130987,2.111437,1.959922,1.925709
303.718000,2.130987,2.111437,1.959922,1.920821
304.224000,2.126100,2.101662,1.964809,1.920821
304.729000,2.126100,2.101662,1.959922,1.920821
305.234000,2.130987,2.096774,1.964809,1.920821
305.739000,2.130987,2.091886,1.959922,1.920821
306.245000,2.126100,2.096774,1.964809,1.920821
306.750000,2.130987,2.091886,1.959922,1.920821
307.256000,2.126100,2.091886,1.964809,1.920821
307.761000,2.130987,2.091886,2.028348,1.925709
308.267000,2.126100,2.091886,1.964809,1.920821
308.771000,2.126100,2.096774,1.964809,1.915933
309.277000,2.126100,2.091886,1.959922,1.915933
309.782000,2.135875,2.086999,1.959922,1.911046
310.288000,2.135875,2.086999,1.959922,1.911046
310.793000,2.135875,2.086999,1.959922,1.906158
311.299000,2.140763,2.086999,1.964809,1.896383
311.803000,2.140763,2.091886,1.964809,1.891496
312.309000,2.140763,2.086999,1.955034,1.896383
312.814000,2.140763,2.082111,1.964809,1.891496
313.320000,2.140763,2.091886,1.964809,1.886608
313.825000,2.140763,2.096774,1.959922,1.886608
314.331000,2.140763,2.096774,1.964809,1.891496
314.835000,2.140763,2.101662,1.959922,1.891496
315.341000,2.135875,2.096774,1.955034,1.896383
315.846000,2.140763,2.101662,1.959922,1.891496
316.352000,2.135875,2.106549,1.959922,1.896383
316.857000,2.140763,2.111437,1.959922,1.896383
317.363000,2.140763,2.106549,1.959922,1.896383
317.869000,2.140763,2.111437,1.959922,1.901271
318.373000,2.140763,2.106549,1.959922,1.901271
318.879000,2.145650,2.106549,1.964809,1.896383
319.384000,2.140763,2.106549,1.959922,1.896383
319.890000,2.135875,2.101662,1.955034,1.901271
320.395000,2.150538,2.101662,1.959922,1.901271
320.901000,2.140763,2.101662,1.955034,1.896383
321.405000,2.140763,2.106549,1.955034,1.901271
321.911000,2.145650,2.096774,1.955034,1.901271
322.416000,2.140763,2.096774,1.955034,1.896383
322.922000,2.140763,2.091886,1.959922,1.891496
323.427000,2.135875,2.086999,1.955034,1.886608
323.933000,2.135875,2.096774,1.955034,1.886608
324.438000,2.130987,2.091886,1.950147,1.886608
324.943000,2.130987,2.091886,1.955034,1.886608
325.448000,2.130987,2.091886,1.950147,1.881720
325.954000,2.130987,2.086999,1.955034,1.886608
326.459000,2.130987,2.086999,1.950147,1.886608
326.965000,2.130987,2.086999,1.950147,1.886608
327.470000,2.135875,2.086999,1.950147,1.896383
327.975000,2.130987,2.086999,1.945259,1.886608
328.481000,2.126100,2.086999,1.950147,1.881720
328.986000,2.121212,2.086999,1.950147,1.886608
329.492000,2.130987,2.086999,1.950147,1.881720
329.997000,2.130987,2.082111,1.950147,1.881720
330.503000,2.130987,2.082111,1.950147,1.891496
331.008000,2.126100,2.082111,1.945259,1.891496
331.513000,2.126100,2.086999,1.940371,1.881720
332.018000,2.121212,2.077224,1.935484,1.881720
332.524000,2.116325,2.077224,1.930596,1.876833
333.029000,2.116325,2.082111,1.935484,1.881720
333.535000,2.126100,2.091886,1.940371,1.886608
334.040000,2.121212,2.086999,1.935484,1.881720
334.545000,2.116325,2.086999,1.935484,1.876833
335.050000,2.116325,2.091886,1.935484,1.881720
335.556000,2.111437,2.096774,1.935484,1.876833
336.061000,2.111437,2.086999,1.930596,1.876833
336.567000,2.106549,2.091886,1.925709,1.876833
337.072000,2.101662,2.091886,1.920821,1.881720
337.577000,2.101662,2.082111,1.920821,1.876833
338.083000,2.106549,2.086999,1.930596,1.881720
338.588000,2.101662,2.086999,1.925709,1.881720
339.094000,2.101662,2.096774,1.930596,1.876833
339.599000,2.101662,2.091886,1.930596,1.876833
340.105000,2.106549,2.101662,1.930596,1.876833
340.610000,2.101662,2.091886,1.925709,1.867058
341.115000,2.101662,2.096774,1.935484,1.871945
341.620000,2.101662,2.091886,1.930596,1.871945
342.126000,2.101662,2.091886,1.935484,1.871945
342.631000,2.106549,2.091886,1.935484,1.876833
343.137000,2.101662,2.086999,1.930596,1.876833
343.642000,2.101662,2.086999,1.935484,1.871945
344.147000,2.101662,2.086999,1.930596,1.881720
344.652000,2.106549,2.086999,1.930596,1.876833
345.158000,2.111437,2.086999,1.930596,1.871945
345.663000,2.111437,2.086999,1.930596,1.876833
346.169000,2.106549,2.086999,1.925709,1.871945
346.674000,2.106549,2.082111,1.925709,1.862170
347.180000,2.106549,2.082111,1.930596,1.871945
347.684000,2.106549,2.077224,1.925709,1.867058
348.190000,2.101662,2.072336,1.925709,1.867058
348.696000,2.101662,2.072336,1.925709,1.862170
349.201000,2.096774,2.062561,1.920821,1.867058
349.707000,2.096774,2.067449,1.920821,1.867058
350.212000,2.091886,2.057673,1.925709,1.862170
350.717000,2.091886,2.062561,1.920821,1.867058
351.222000,2.096774,2.057673,1.915933,1.862170
351.728000,2.091886,2.057673,1.920821,1.867058
352.233000,2.091886,2.057673,1.920821,1.862170
352.739000,2.086999,2.052786,1.915933,1.862170
353.244000,2.091886,2.057673,1.920821,1.862170
353.750000,2.086999,2.057673,1.920821,1.867058
354.254000,2.086999,2.067449,1.915933,1.862170
354.760000,2.086999,2.062561,1.915933,1.867058
355.265000,2.091886,2.062561,1.911046,1.871945
355.771000,2.091886,2.062561,1.911046,1.862170
356.276000,2.086999,2.062561,1.911046,1.862170
356.782000,2.091886,2.057673,1.906158,1.862170
357.286000,2.086999,2.062561,1.911046,1.857283
357.792000,2.082111,2.057673,1.915933,1.857283
358.297000,2.086999,2.057673,1.911046,1.862170
358.803000,2.082111,2.052786,1.911046,1.857283
359.308000,2.086999,2.052786,1.915933,1.862170
359.814000,2.086999,2.047898,1.911046,1.857283
360.318000,2.086999,2.052786,1.915933,1.852395
360.824000,2.077224,2.038123,1.906158,1.847507
361.330000,2.086999,2.047898,1.915933,1.862170
361.835000,2.091886,2.047898,1.915933,1.852395
362.341000,2.091886,2.043011,1.911046,1.857283
362.846000,2.091886,2.043011,1.915933,1.847507
363.352000,2.086999,2.033236,1.906158,1.842620
363.856000,2.096774,2.043011,1.911046,1.852395
364.362000,2.086999,2.038123,1.906158,1.847507
364.867000,2.086999,2.043011,1.915933,1.847507
365.373000,2.091886,2.038123,1.915933,1.842620
365.878000,2.091886,2.043011,1.915933,1.847507
366.384000,2.096774,2.038123,1.920821,1.847507
366.888000,2.096774,2.043011,1.915933,1.852395
367.394000,2.082111,2.033236,1.911046,1.847507
367.899000,2.091886,2.033236,1.911046,1.847507
368.405000,2.082111,2.028348,1.906158,1.852395
368.910000,2.086999,2.038123,1.911046,1.852395
369.416000,2.072336,2.033236,1.901271,1.837732
369.921000,2.067449,2.033236,1.901271,1.837732
370.426000,2.072336,2.028348,1.901271,1.842620
370.931000,2.072336,2.033236,1.911046,1.847507
371.437000,2.062561,2.028348,1.891496,1.837732
371.942000,2.072336,2.033236,1.896383,1.842620
372.448000,2.072336,2.038123,1.891496,1.842620
372.954000,2.072336,2.033236,1.891496,1.847507
373.458000,2.077224,2.033236,1.891496,1.852395
373.964000,2.072336,2.033236,1.891496,1.847507
374.469000,2.067449,2.018573,1.886608,1.837732
374.975000,2.082111,2.033236,1.896383,1.847507
375.480000,2.077224,2.033236,1.886608,1.847507
375.986000,2.072336,2.023460,1.891496,1.847507
376.491000,2.072336,2.018573,1.886608,1.842620
376.996000,2.077224,2.033236,1.896383,1.837732
377.501000,2.072336,2.023460,1.901271,1.837732
378.007000,2.077224,2.023460,1.896383,1.842620
378.512000,2.067449,2.023460,1.891496,1.837732
379.018000,2.077224,2.018573,1.896383,1.832845
379.523000,2.067449,2.023460,1.896383,1.837732
380.028000,2.072336,2.033236,1.901271,1.842620
380.533000,2.067449,2.013685,1.891496,1.832845
381.039000,2.072336,2.018573,1.891496,1.832845
381.545000,2.072336,2.013685,1.891496,1.827957
382.050000,2.072336,2.013685,1.886608,1.832845
382.556000,2.077224,2.023460,1.891496,1.827957
383.060000,2.067449,2.008798,1.886608,1.813294
383.566000,2.067449,2.008798,1.891496,1.813294
384.071000,2.077224,2.013685,1.896383,1.818182
384.577000,2.067449,2.018573,1.891496,1.823069
385.082000,2.072336,2.013685,1.891496,1.818182
385.588000,2.072336,2.023460,1.896383,1.823069
386.093000,2.072336,2.028348,1.891496,1.823069
386.598000,2.067449,2.033236,1.886608,1.823069
387.103000,2.077224,2.038123,1.891496,1.832845
387.609000,2.072336,2.038123,1.891496,1.827957
388.114000,2.062561,2.033236,1.886608,1.823069
388.620000,2.072336,2.033236,1.881720,1.823069
389.125000,2.072336,2.033236,1.881720,1.818182
389.630000,2.057673,2.028348,1.881720,1.813294
390.136000,2.072336,2.023460,1.891496,1.827957
390.641000,2.057673,2.023460,1.891496,1.823069
391.147000,2.067449,2.028348,1.886608,1.818182
391.652000,2.072336,2.028348,1.896383,1.827957
392.158000,2.062561,2.028348,1.896383,1.823069
392.663000,2.067449,2.028348,1.886608,1.818182
393.168000,2.062561,2.028348,1.886608,1.823069
393.673000,2.062561,2.023460,1.881720,1.827957
394.179000,2.062561,2.028348,1.881720,1.818182
394.684000,2.062561,2.023460,1.881720,1.823069
395.190000,2.062561,2.023460,1.876833,1.823069
395.695000,2.067449,2.038123,1.886608,1.818182
396.200000,2.062561,2.033236,1.886608,1.823069
396.705000,2.067449,2.033236,1.886608,1.832845
397.211000,2.062561,2.038123,1.886608,1.823069
397.716000,2.062561,2.028348,1.886608,1.827957
398.222000,2.062561,2.028348,1.886608,1.827957
398.727000,2.062561,2.023460,1.876833,1.818182
399.233000,2.057673,2.013685,1.881720,1.818182
399.738000,2.052786,2.013685,1.881720,1.813294
400.243000,2.052786,2.013685,1.881720,1.808407
400.749000,2.057673,2.013685,1.886608,1.813294
401.254000,2.052786,2.003910,1.876833,1.813294
401.760000,2.047898,2.008798,1.876833,1.808407
402.265000,2.047898,2.003910,1.881720,1.823069
402.770000,2.052786,2.003910,1.867058,1.818182
403.275000,2.052786,2.003910,1.871945,1.808407
403.781000,2.052786,2.003910,1.881720,1.818182
404.286000,2.047898,1.994135,1.867058,1.808407
404.792000,2.043011,1.994135,1.871945,1.808407
405.297000,2.043011,1.994135,1.876833,1.813294
405.803000,2.043011,2.003910,1.867058,1.813294
406.307000,2.043011,2.008798,1.871945,1.808407
406.813000,2.043011,2.008798,1.876833,1.813294
407.318000,2.047898,2.003910,1.871945,1.813294
407.824000,2.047898,2.008798,1.871945,1.808407
408.329000,2.047898,2.008798,1.871945,1.808407
408.835000,2.047898,2.013685,1.871945,1.808407
409.339000,2.052786,2.008798,1.867058,1.808407
409.845000,2.052786,2.018573,1.871945,1.803519
410.350000,2.047898,2.018573,1.871945,1.798632
410.856000,2.047898,2.013685,1.876833,1.798632
411.361000,2.052786,2.013685,1.871945,1.803519
411.867000,2.047898,2.013685,1.867058,1.803519
412.371000,2.047898,2.018573,1.876833,1.793744
412.877000,2.047898,2.013685,1.876833,1.803519
413.382000,2.047898,2.008798,1.867058,1.803519
413.888000,2.047898,2.003910,1.867058,1.803519
414.393000,2.047898,2.003910,1.871945,1.803519
414.899000,2.043011,2.003910,1.862170,1.798632
415.404000,2.038123,1.999022,1.867058,1.803519
415.909000,2.033236,2.003910,1.867058,1.793744
416.414000,2.028348,1.999022,1.862170,1.788856
416.920000,2.043011,2.003910,1.867058,1.793744
417.426000,2.033236,1.994135,1.857283,1.788856
417.931000,2.033236,1.994135,1.857283,1.793744
418.437000,2.033236,1.989247,1.852395,1.793744
418.941000,2.033236,1.989247,1.852395,1.798632
419.447000,2.033236,1.989247,1.852395,1.798632
419.952000,2.038123,1.989247,1.857283,1.798632
420.458000,2.038123,1.989247,1.867058,1.803519
420.963000,2.038123,1.994135,1.862170,1.803519
421.469000,2.038123,1.999022,1.857283,1.798632
421.974000,2.038123,1.994135,1.852395,1.798632
422.479000,2.033236,1.994135,1.852395,1.803519
422.984000,2.038123,1.994135,1.852395,1.798632
423.490000,2.033236,1.989247,1.847507,1.798632
423.995000,2.028348,1.989247,1.847507,1.793744
424.501000,2.028348,1.984360,1.852395,1.788856
425.007000,2.038123,1.984360,1.847507,1.788856
425.511000,2.028348,1.979472,1.847507,1.788856
426.017000,2.028348,1.979472,1.847507,1.788856
426.522000,2.033236,1.984360,1.852395,1.788856
427.028000,2.028348,1.974585,1.842620,1.774194
427.533000,2.023460,1.974585,1.847507,1.774194
428.039000,2.033236,1.979472,1.847507,1.774194
428.544000,2.023460,1.974585,1.852395,1.779081
429.049000,2.023460,1.974585,1.847507,1.769306
429.554000,2.028348,1.974585,1.852395,1.774194
430.060000,2.028348,1.964809,1.847507,1.779081
430.565000,2.028348,1.974585,1.847507,1.774194
431.071000,2.023460,1.974585,1.852395,1.788856
431.576000,2.028348,1.974585,1.852395,1.788856
432.081000,2.023460,1.979472,1.857283,1.779081
432.586000,2.033236,1.979472,1.857283,1.788856
433.092000,2.028348,1.979472,1.842620,1.788856
433.598000,2.033236,1.974585,1.847507,1.783969
434.103000,2.028348,1.974585,1.847507,1.788856
434.609000,2.023460,1.969697,1.847507,1.783969
435.113000,2.023460,1.969697,1.842620,1.783969
435.619000,2.023460,1.969697,1.842620,1.779081
436.124000,2.033236,1.974585,1.852395,1.788856
436.630000,2.028348,1.974585,1.852395,1.783969
437.135000,2.023460,1.974585,1.852395,1.783969
437.641000,2.023460,1.984360,1.852395,1.783969
438.146000,2.023460,1.979472,1.847507,1.788856
438.651000,2.018573,1.979472,1.852395,1.783969
439.156000,2.013685,1.974585,1.847507,1.783969
439.662000,2.008798,1.979472,1.842620,1.783969
440.167000,2.008798,1.974585,1.842620,1.779081
440.673000,2.008798,1.974585,1.842620,1.788856
441.178000,2.008798,1.974585,1.842620,1.783969
441.683000,2.003910,1.979472,1.837732,1.783969
442.188000,2.008798,1.979472,1.842620,1.788856
442.694000,2.008798,1.984360,1.837732,1.788856
443.199000,2.008798,1.989247,1.837732,1.788856
443.705000,2.008798,1.989247,1.837732,1.788856
444.211000,2.013685,1.989247,1.837732,1.793744
444.716000,2.013685,1.994135,1.832845,1.783969
445.221000,2.013685,1.994135,1.837732,1.788856
445.726000,2.008798,1.994135,1.832845,1.783969
446.232000,2.008798,1.994135,1.832845,1.779081
446.737000,2.008798,1.994135,1.832845,1.779081
447.243000,2.008798,1.989247,1.832845,1.779081
447.748000,2.008798,1.989247,1.832845,1.774194
448.253000,2.008798,1.989247,1.837732,1.774194
448.758000,2.008798,1.989247,1.832845,1.769306
449.264000,2.008798,1.984360,1.832845,1.764418
449.769000,2.008798,1.989247,1.832845,1.769306
450.275000,2.008798,1.984360,1.832845,1.769306
450.780000,2.008798,1.984360,1.832845,1.769306
451.286000,2.008798,1.984360,1.837732,1.774194
451.790000,2.008798,1.984360,1.832845,1.774194
452.296000,2.008798,1.984360,1.837732,1.774194
452.801000,2.003910,1.979472,1.832845,1.779081
453.307000,2.003910,1.984360,1.827957,1.779081
453.812000,1.999022,1.979472,1.832845,1.774194
454.318000,1.999022,1.984360,1.827957,1.774194
454.823000,1.999022,1.979472,1.823069,1.774194
455.328000,1.994135,1.974585,1.823069,1.764418
455.834000,1.999022,1.979472,1.823069,1.774194
456.339000,1.994135,1.974585,1.823069,1.774194
456.845000,1.994135,1.974585,1.813294,1.764418
457.350000,1.999022,1.979472,1.818182,1.769306
457.856000,1.994135,1.964809,1.813294,1.764418
458.360000,1.984360,1.964809,1.813294,1.764418
458.866000,1.994135,1.969697,1.823069,1.764418
459.371000,1.994135,1.964809,1.818182,1.774194
459.877000,1.994135,1.964809,1.813294,1.769306
460.382000,1.994135,1.959922,1.818182,1.769306
460.888000,1.994135,1.959922,1.813294,1.769306
461.392000,1.994135,1.955034,1.818182,1.769306
461.898000,1.994135,1.959922,1.818182,1.769306
462.403000,1.994135,1.959922,1.818182,1.764418
462.909000,1.989247,1.955034,1.818182,1.764418
463.415000,1.989247,1.950147,1.818182,1.769306
463.920000,1.984360,1.950147,1.813294,1.759531
464.425000,1.984360,1.955034,1.818182,1.759531
464.930000,1.989247,1.950147,1.818182,1.764418
465.436000,1.984360,1.950147,1.813294,1.764418
465.941000,1.984360,1.950147,1.813294,1.759531
466.447000,1.979472,1.950147,1.818182,1.769306
466.952000,1.989247,1.955034,1.813294,1.764418
467.458000,1.984360,1.955034,1.813294,1.754643
467.962000,1.984360,1.955034,1.813294,1.759531
468.468000,1.984360,1.950147,1.813294,1.754643
468.973000,1.989247,1.950147,1.813294,1.749756
469.479000,1.984360,1.950147,1.813294,1.754643
469.984000,1.984360,1.945259,1.813294,1.749756
470.490000,1.984360,1.950147,1.813294,1.744868
470.994000,1.984360,1.945259,1.813294,1.749756
471.500000,1.984360,1.945259,1.808407,1.754643
472.005000,1.984360,1.950147,1.808407,1.754643
472.511000,1.984360,1.950147,1.808407,1.754643
473.017000,1.989247,1.955034,1.808407,1.754643
473.522000,1.989247,1.950147,1.808407,1.754643
474.028000,1.994135,1.955034,1.808407,1.759531
474.532000,1.989247,1.955034,1.803519,1.759531
475.038000,1.989247,1.955034,1.803519,1.754643
475.543000,1.984360,1.959922,1.803519,1.759531
476.049000,1.994135,1.955034,1.803519,1.759531
476.554000,1.994135,1.959922,1.803519,1.754643
477.060000,1.984360,1.959922,1.803519,1.754643
477.564000,1.989247,1.959922,1.803519,1.754643
478.070000,1.989247,1.959922,1.803519,1.749756
478.575000,1.989247,1.964809,1.803519,1.749756
479.081000,1.989247,1.964809,1.803519,1.754643
479.586000,1.984360,1.964809,1.798632,1.754643
480.092000,1.984360,1.964809,1.803519,1.754643
480.596000,1.984360,1.964809,1.803519,1.759531
481.102000,1.989247,1.964809,1.803519,1.754643
481.607000,1.979472,1.955034,1.798632,1.749756
482.113000,1.989247,1.964809,1.803519,1.754643
482.619000,1.979472,1.950147,1.793744,1.744868
483.124000,1.984360,1.959922,1.798632,1.749756
483.630000,1.984360,1.959922,1.803519,1.754643
484.134000,1.984360,1.964809,1.798632,1.749756
484.640000,1.979472,1.959922,1.798632,1.749756
485.145000,1.979472,1.959922,1.803519,1.749756
485.651000,1.979472,1.959922,1.798632,1.749756
486.156000,1.979472,1.955034,1.798632,1.749756
486.662000,1.979472,1.945259,1.803519,1.754643
487.166000,1.979472,1.945259,1.803519,1.754643
487.672000,1.979472,1.940371,1.803519,1.749756
488.177000,1.984360,1.935484,1.808407,1.754643
488.683000,1.979472,1.940371,1.803519,1.754643
489.188000,1.984360,1.940371,1.803519,1.749756
489.694000,1.979472,1.940371,1.803519,1.754643
490.200000,1.979472,1.945259,1.793744,1.744868
490.704000,1.974585,1.940371,1.793744,1.744868
491.210000,1.974585,1.945259,1.798632,1.744868
491.715000,1.969697,1.945259,1.798632,1.739980
492.221000,1.964809,1.940371,1.788856,1.730205
492.726000,1.959922,1.945259,1.793744,1.735093
493.232000,1.959922,1.930596,1.779081,1.730205
493.736000,1.959922,1.935484,1.783969,1.730205
494.242000,1.964809,1.940371,1.788856,1.739980
494.747000,1.969697,1.940371,1.788856,1.739980
495.253000,1.969697,1.945259,1.788856,1.735093
495.758000,1.964809,1.940371,1.783969,1.739980
496.264000,1.969697,1.945259,1.793744,1.744868
496.769000,1.969697,1.950147,1.788856,1.739980
497.274000,1.969697,1.945259,1.788856,1.735093
497.779000,1.969697,1.945259,1.788856,1.735093
498.285000,1.969697,1.945259,1.783969,1.735093
498.790000,1.964809,1.945259,1.788856,1.739980
499.296000,1.964809,1.945259,1.779081,1.739980
499.801000,1.969697,1.950147,1.788856,1.739980
500.306000,1.969697,1.945259,1.788856,1.735093
500.812000,1.964809,1.950147,1.783969,1.735093
501.317000,1.964809,1.950147,1.783969,1.730205
501.823000,1.955034,1.935484,1.779081,1.720430
502.328000,1.955034,1.935484,1.774194,1.720430
502.834000,1.955034,1.930596,1.774194,1.720430
503.339000,1.955034,1.930596,1.774194,1.725318
503.844000,1.955034,1.935484,1.779081,1.730205
504.349000,1.969697,1.940371,1.779081,1.730205
504.855000,1.964809,1.940371,1.783969,1.730205
505.360000,1.959922,1.940371,1.783969,1.735093
505.866000,1.964809,1.940371,1.783969,1.735093
506.371000,1.969697,1.940371,1.783969,1.735093
506.876000,1.964809,1.945259,1.779081,1.739980
507.381000,1.959922,1.935484,1.783969,1.730205
507.887000,1.964809,1.940371,1.788856,1.730205
508.392000,1.959922,1.940371,1.783969,1.730205
508.898000,1.959922,1.935484,1.783969,1.730205
509.403000,1.955034,1.935484,1.779081,1.730205
509.908000,1.955034,1.935484,1.779081,1.725318
510.413000,1.959922,1.930596,1.779081,1.730205
510.919000,1.955034,1.935484,1.783969,1.725318
511.424000,1.955034,1.925709,1.774194,1.725318
511.930000,1.955034,1.925709,1.774194,1.720430
512.436000,1.950147,1.920821,1.779081,1.725318
512.941000,1.950147,1.915933,1.774194,1.725318
513.446000,1.950147,1.920821,1.774194,1.725318
513.951000,1.950147,1.915933,1.774194,1.725318
514.457000,1.950147,1.915933,1.774194,1.725318
514.962000,1.945259,1.915933,1.769306,1.725318
515.468000,1.945259,1.915933,1.779081,1.725318
515.973000,1.940371,1.906158,1.764418,1.725318
516.478000,1.945259,1.911046,1.774194,1.725318
516.983000,1.940371,1.911046,1.769306,1.725318
517.489000,1.945259,1.911046,1.769306,1.725318
517.994000,1.945259,1.911046,1.764418,1.715543
518.500000,1.940371,1.911046,1.769306,1.710655
519.006000,1.940371,1.906158,1.769306,1.715543
519.511000,1.945259,1.906158,1.759531,1.710655
520.016000,1.940371,1.906158,1.764418,1.715543
520.521000,1.940371,1.906158,1.759531,1.720430
521.027000,1.935484,1.906158,1.764418,1.715543
521.532000,1.940371,1.911046,1.764418,1.715543
522.038000,1.940371,1.911046,1.764418,1.720430
522.543000,1.940371,1.911046,1.759531,1.715543
523.048000,1.940371,1.911046,1.764418,1.715543
523.553000,1.940371,1.906158,1.764418,1.715543
524.059000,1.940371,1.906158,1.764418,1.715543
524.564000,1.945259,1.906158,1.759531,1.715543
525.070000,1.945259,1.906158,1.764418,1.715543
525.575000,1.950147,1.911046,1.764418,1.715543
526.081000,1.945259,1.906158,1.764418,1.715543
526.585000,1.950147,1.906158,1.769306,1.720430
527.091000,1.945259,1.906158,1.764418,1.715543
527.597000,1.945259,1.901271,1.764418,1.715543
528.102000,1.945259,1.901271,1.769306,1.720430
528.608000,1.945259,1.896383,1.769306,1.715543
529.113000,1.940371,1.896383,1.764418,1.710655
529.618000,1.940371,1.901271,1.764418,1.715543
530.123000,1.945259,1.896383,1.764418,1.715543
530.629000,1.940371,1.901271,1.764418,1.710655
531.134000,1.940371,1.901271,1.769306,1.710655
531.640000,1.935484,1.896383,1.769306,1.710655
532.145000,1.935484,1.891496,1.764418,1.705767
532.651000,1.935484,1.896383,1.764418,1.700880
533.155000,1.935484,1.896383,1.769306,1.700880
533.661000,1.940371,1.896383,1.759531,1.695992
534.166000,1.940371,1.891496,1.759531,1.700880
534.672000,1.935484,1.891496,1.754643,1.705767
535.177000,1.935484,1.896383,1.759531,1.700880
535.683000,1.940371,1.896383,1.754643,1.705767
536.187000,1.940371,1.901271,1.749756,1.705767
536.693000,1.940371,1.901271,1.754643,1.705767
537.199000,1.940371,1.906158,1.754643,1.705767
537.704000,1.940371,1.906158,1.754643,1.700880
538.210000,1.945259,1.906158,1.754643,1.695992
538.715000,1.940371,1.911046,1.759531,1.705767
539.220000,1.940371,1.911046,1.759531,1.700880
539.725000,1.940371,1.911046,1.754643,1.691105
540.231000,1.935484,1.911046,1.759531,1.695992
540.736000,1.935484,1.906158,1.754643,1.695992
541.242000,1.930596,1.911046,1.759531,1.700880
541.747000,1.930596,1.906158,1.749756,1.695992
542.253000,1.925709,1.911046,1.749756,1.705767
542.757000,1.925709,1.911046,1.749756,1.705767
543.263000,1.925709,1.911046,1.749756,1.705767
543.768000,1.925709,1.906158,1.749756,1.710655
544.274000,1.925709,1.901271,1.749756,1.705767
544.779000,1.925709,1.906158,1.749756,1.705767
545.285000,1.925709,1.901271,1.749756,1.705767
545.789000,1.920821,1.901271,1.744868,1.705767
546.295000,1.920821,1.901271,1.744868,1.705767
546.800000,1.920821,1.906158,1.739980,1.705767
547.306000,1.911046,1.896383,1.735093,1.695992
547.812000,1.906158,1.896383,1.730205,1.700880
548.317000,1.911046,1.896383,1.735093,1.700880
548.823000,1.915933,1.891496,1.730205,1.695992
549.327000,1.911046,1.881720,1.725318,1.691105
549.833000,1.920821,1.896383,1.735093,1.700880
550.338000,1.915933,1.896383,1.735093,1.700880
550.844000,1.911046,1.901271,1.735093,1.700880
551.349000,1.911046,1.896383,1.735093,1.700880
551.855000,1.911046,1.901271,1.735093,1.691105
552.359000,1.911046,1.901271,1.739980,1.695992
552.865000,1.911046,1.896383,1.739980,1.695992
553.370000,1.911046,1.891496,1.735093,1.691105
553.876000,1.915933,1.891496,1.739980,1.691105
554.381000,1.915933,1.891496,1.739980,1.695992
554.887000,1.906158,1.876833,1.730205,1.686217
555.392000,1.915933,1.886608,1.739980,1.691105
555.897000,1.906158,1.876833,1.730205,1.686217
556.402000,1.920821,1.881720,1.739980,1.691105
556.908000,1.915933,1.881720,1.739980,1.691105
557.413000,1.915933,1.881720,1.735093,1.695992
557.919000,1.906158,1.871945,1.730205,1.686217
558.424000,1.920821,1.876833,1.744868,1.695992
558.929000,1.915933,1.881720,1.739980,1.691105
559.435000,1.911046,1.871945,1.735093,1.681329
559.940000,1.915933,1.876833,1.735093,1.691105
560.446000,1.915933,1.876833,1.735093,1.686217
560.951000,1.911046,1.876833,1.735093,1.686217
561.457000,1.915933,1.876833,1.739980,1.686217
561.961000,1.911046,1.871945,1.739980,1.691105
562.467000,1.911046,1.876833,1.735093,1.686217
562.972000,1.896383,1.862170,1.730205,1.681329
563.478000,1.901271,1.867058,1.725318,1.681329
563.983000,1.896383,1.862170,1.725318,1.681329
564.489000,1.896383,1.867058,1.725318,1.676442
564.994000,1.896383,1.862170,1.725318,1.676442
565.499000,1.896383,1.862170,1.725318,1.671554
566.004000,1.896383,1.867058,1.725318,1.671554
566.510000,1.896383,1.862170,1.725318,1.671554
567.016000,1.896383,1.867058,1.725318,1.666667
567.521000,1.891496,1.862170,1.720430,1.671554
568.027000,1.896383,1.862170,1.720430,1.676442
568.531000,1.896383,1.857283,1.720430,1.676442
569.037000,1.891496,1.862170,1.715543,1.671554
569.542000,1.891496,1.862170,1.715543,1.676442
570.048000,1.891496,1.862170,1.720430,1.676442
570.553000,1.891496,1.862170,1.715543,1.671554
571.059000,1.891496,1.857283,1.720430,1.676442
571.564000,1.886608,1.857283,1.715543,1.676442
572.069000,1.891496,1.852395,1.715543,1.671554
572.574000,1.891496,1.852395,1.715543,1.671554
573.080000,1.891496,1.852395,1.715543,1.671554
573.586000,1.886608,1.852395,1.715543,1.666667
574.091000,1.891496,1.852395,1.720430,1.661779
574.597000,1.896383,1.852395,1.715543,1.661779
575.101000,1.891496,1.857283,1.715543,1.661779
575.607000,1.891496,1.857283,1.715543,1.666667
576.112000,1.891496,1.852395,1.715543,1.661779
576.618000,1.896383,1.852395,1.710655,1.656892
577.123000,1.886608,1.847507,1.715543,1.656892
577.629000,1.891496,1.847507,1.710655,1.656892
578.134000,1.891496,1.852395,1.710655,1.656892
578.639000,1.896383,1.852395,1.715543,1.656892
579.145000,1.896383,1.842620,1.715543,1.656892
579.650000,1.896383,1.847507,1.715543,1.656892
580.156000,1.896383,1.842620,1.715543,1.647116
580.661000,1.896383,1.847507,1.715543,1.652004
581.167000,1.901271,1.847507,1.715543,1.652004
581.671000,1.896383,1.847507,1.720430,1.656892
582.177000,1.896383,1.852395,1.720430,1.656892
582.682000,1.896383,1.857283,1.715543,1.656892
583.188000,1.896383,1.857283,1.715543,1.656892
583.693000,1.896383,1.857283,1.710655,1.661779
584.199000,1.896383,1.862170,1.720430,1.661779
584.704000,1.896383,1.862170,1.720430,1.661779
585.209000,1.896383,1.862170,1.715543,1.652004
585.715000,1.896383,1.867058,1.720430,1.647116
586.220000,1.891496,1.862170,1.715543,1.647116
586.726000,1.896383,1.862170,1.715543,1.647116
587.231000,1.896383,1.867058,1.710655,1.647116
587.737000,1.896383,1.871945,1.715543,1.652004
588.241000,1.896383,1.871945,1.710655,1.656892
588.747000,1.891496,1.867058,1.715543,1.656892
589.252000,1.891496,1.862170,1.710655,1.661779
589.758000,1.896383,1.867058,1.720430,1.661779
590.263000,1.891496,1.857283,1.715543,1.656892
590.769000,1.891496,1.857283,1.715543,1.656892
591.273000,1.896383,1.862170,1.715543,1.656892
591.779000,1.891496,1.852395,1.715543,1.656892
592.285000,1.886608,1.862170,1.710655,1.656892
592.790000,1.901271,1.862170,1.715543,1.671554
593.296000,1.896383,1.857283,1.710655,1.666667
593.801000,1.896383,1.857283,1.715543,1.661779
594.307000,1.896383,1.862170,1.720430,1.666667
594.811000,1.896383,1.862170,1.715543,1.666667
595.317000,1.901271,1.857283,1.715543,1.661779
595.822000,1.891496,1.857283,1.715543,1.661779
596.328000,1.891496,1.857283,1.715543,1.666667
596.833000,1.896383,1.852395,1.715543,1.661779
597.339000,1.891496,1.857283,1.715543,1.656892
597.844000,1.896383,1.852395,1.715543,1.652004
598.349000,1.891496,1.852395,1.715543,1.652004
598.855000,1.891496,1.847507,1.720430,1.656892
599.360000,1.891496,1.847507,1.715543,1.656892
599.866000,1.891496,1.847507,1.715543,1.656892
600.371000,1.891496,1.847507,1.715543,1.656892
600.877000,1.891496,1.847507,1.715543,1.661779
601.381000,1.891496,1.842620,1.710655,1.656892
601.887000,1.891496,1.837732,1.715543,1.661779
602.392000,1.891496,1.842620,1.710655,1.656892
602.898000,1.891496,1.842620,1.705767,1.656892
603.403000,1.886608,1.842620,1.705767,1.656892
603.909000,1.886608,1.842620,1.700880,1.656892
604.413000,1.881720,1.847507,1.705767,1.652004
604.919000,1.881720,1.847507,1.700880,1.652004
605.425000,1.881720,1.847507,1.700880,1.652004
605.930000,1.876833,1.847507,1.695992,1.647116
606.436000,1.876833,1.847507,1.700880,1.647116
606.941000,1.876833,1.842620,1.700880,1.647116
607.447000,1.876833,1.842620,1.700880,1.642229
607.951000,1.876833,1.842620,1.700880,1.647116
608.457000,1.876833,1.837732,1.695992,1.647116
608.962000,1.876833,1.842620,1.700880,1.637341
609.468000,1.876833,1.832845,1.695992,1.632453
609.973000,1.876833,1.837732,1.700880,1.642229
610.479000,1.881720,1.842620,1.700880,1.637341
610.983000,1.876833,1.837732,1.695992,1.637341
611.489000,1.876833,1.837732,1.695992,1.647116
611.994000,1.876833,1.842620,1.691105,1.647116
612.500000,1.871945,1.837732,1.691105,1.652004
613.005000,1.871945,1.842620,1.691105,1.656892
613.511000,1.871945,1.842620,1.691105,1.652004
614.016000,1.867058,1.842620,1.691105,1.652004
614.521000,1.871945,1.842620,1.691105,1.652004
615.027000,1.871945,1.842620,1.695992,1.647116
615.532000,1.871945,1.837732,1.691105,1.652004
616.038000,1.871945,1.837732,1.691105,1.652004
616.543000,1.876833,1.837732,1.691105,1.647116
617.049000,1.876833,1.837732,1.695992,1.652004
617.553000,1.867058,1.827957,1.681329,1.647116
618.059000,1.867058,1.832845,1.691105,1.647116
618.564000,1.871945,1.832845,1.691105,1.647116
619.070000,1.867058,1.832845,1.691105,1.642229
619.575000,1.867058,1.827957,1.686217,1.642229
620.081000,1.867058,1.827957,1.691105,1.637341
620.585000,1.862170,1.823069,1.691105,1.637341
621.091000,1.867058,1.827957,1.691105,1.637341
621.596000,1.862170,1.823069,1.695992,1.637341
622.102000,1.857283,1.823069,1.691105,1.642229
622.608000,1.862170,1.823069,1.695992,1.637341
623.113000,1.871945,1.823069,1.695992,1.642229
623.619000,1.862170,1.823069,1.691105,1.642229
624.123000,1.867058,1.823069,1.686217,1.637341
624.629000,1.862170,1.823069,1.686217,1.637341
625.134000,1.867058,1.823069,1.691105,1.632453
625.640000,1.871945,1.818182,1.686217,1.637341
626.145000,1.867058,1.818182,1.691105,1.627566
626.651000,1.867058,1.823069,1.691105,1.632453
627.155000,1.857283,1.818182,1.681329,1.627566
627.661000,1.867058,1.818182,1.691105,1.622678
628.166000,1.867058,1.823069,1.686217,1.627566
628.672000,1.862170,1.818182,1.686217,1.627566
629.178000,1.867058,1.818182,1.681329,1.617791
629.683000,1.862170,1.823069,1.686217,1.612903
630.189000,1.862170,1.823069,1.691105,1.617791
630.693000,1.862170,1.823069,1.681329,1.617791
631.199000,1.857283,1.823069,1.686217,1.617791
631.704000,1.862170,1.832845,1.681329,1.617791
632.210000,1.857283,1.827957,1.681329,1.608016
632.715000,1.862170,1.832845,1.681329,1.608016
633.221000,1.857283,1.837732,1.681329,1.612903
633.725000,1.857283,1.837732,1.676442,1.612903
634.231000,1.857283,1.837732,1.676442,1.617791
634.736000,1.857283,1.827957,1.671554,1.627566
635.242000,1.857283,1.827957,1.671554,1.617791
635.748000,1.857283,1.832845,1.671554,1.622678
636.253000,1.852395,1.827957,1.671554,1.627566
636.759000,1.852395,1.832845,1.671554,1.622678
637.263000,1.857283,1.832845,1.676442,1.622678
637.769000,1.852395,1.832845,1.671554,1.627566
638.274000,1.852395,1.832845,1.676442,1.622678
638.780000,1.852395,1.827957,1.676442,1.627566
639.285000,1.852395,1.832845,1.681329,1.627566
639.791000,1.852395,1.832845,1.681329,1.622678
640.295000,1.852395,1.832845,1.681329,1.627566
640.801000,1.857283,1.832845,1.681329,1.632453
641.306000,1.847507,1.823069,1.681329,1.622678
641.812000,1.857283,1.823069,1.686217,1.632453
642.318000,1.857283,1.823069,1.681329,1.632453
642.823000,1.857283,1.818182,1.681329,1.627566
643.329000,1.857283,1.823069,1.686217,1.627566
643.833000,1.862170,1.823069,1.686217,1.627566
644.339000,1.857283,1.818182,1.681329,1.627566
644.844000,1.857283,1.818182,1.681329,1.627566
645.350000,1.852395,1.813294,1.681329,1.632453
645.855000,1.852395,1.813294,1.681329,1.622678
646.361000,1.852395,1.813294,1.676442,1.632453
646.865000,1.852395,1.813294,1.676442,1.622678
647.371000,1.852395,1.808407,1.676442,1.627566
647.876000,1.852395,1.813294,1.676442,1.627566
648.382000,1.847507,1.813294,1.676442,1.627566
648.887000,1.842620,1.803519,1.666667,1.612903
649.393000,1.852395,1.808407,1.671554,1.617791
649.899000,1.847507,1.803519,1.676442,1.617791
650.403000,1.847507,1.808407,1.671554,1.617791
650.909000,1.847507,1.803519,1.676442,1.612903
651.414000,1.852395,1.803519,1.671554,1.617791
651.920000,1.852395,1.803519,1.671554,1.612903
652.425000,1.847507,1.803519,1.666667,1.608016
652.931000,1.847507,1.798632,1.666667,1.612903
653.435000,1.847507,1.798632,1.666667,1.608016
653.941000,1.847507,1.803519,1.666667,1.608016
654.446000,1.847507,1.798632,1.671554,1.612903
654.952000,1.852395,1.798632,1.666667,1.612903
655.457000,1.852395,1.798632,1.671554,1.612903
655.963000,1.852395,1.798632,1.671554,1.617791
656.467000,1.857283,1.798632,1.666667,1.612903
656.973000,1.847507,1.798632,1.666667,1.608016
657.479000,1.852395,1.798632,1.671554,1.617791
657.984000,1.852395,1.798632,1.671554,1.612903
658.490000,1.847507,1.798632,1.671554,1.612903
658.995000,1.847507,1.798632,1.671554,1.612903
659.501000,1.847507,1.798632,1.671554,1.617791
660.005000,1.847507,1.798632,1.671554,1.612903
660.511000,1.847507,1.793744,1.671554,1.612903
661.016000,1.847507,1.798632,1.671554,1.617791
661.522000,1.847507,1.793744,1.671554,1.612903
662.027000,1.842620,1.793744,1.671554,1.612903
662.533000,1.847507,1.793744,1.666667,1.612903
663.037000,1.842620,1.798632,1.666667,1.612903
663.543000,1.837732,1.793744,1.666667,1.612903
664.048000,1.837732,1.793744,1.666667,1.612903
664.554000,1.832845,1.798632,1.661779,1.608016
665.059000,1.823069,1.783969,1.656892,1.598240
665.565000,1.823069,1.788856,1.656892,1.598240
666.071000,1.827957,1.793744,1.661779,1.598240
666.575000,1.827957,1.793744,1.661779,1.603128
667.081000,1.823069,1.793744,1.656892,1.603128
667.586000,1.813294,1.783969,1.647116,1.588465
668.092000,1.813294,1.783969,1.647116,1.598240
668.597000,1.823069,1.788856,1.652004,1.603128
669.103000,1.823069,1.788856,1.652004,1.603128
669.607000,1.823069,1.793744,1.656892,1.603128
670.113000,1.827957,1.788856,1.656892,1.603128
670.618000,1.827957,1.788856,1.656892,1.603128
671.124000,1.827957,1.783969,1.656892,1.598240
671.629000,1.827957,1.783969,1.652004,1.598240
672.135000,1.827957,1.783969,1.652004,1.598240
672.640000,1.832845,1.788856,1.656892,1.598240
673.145000,1.827957,1.783969,1.652004,1.603128
673.650000,1.832845,1.783969,1.652004,1.598240
674.156000,1.832845,1.783969,1.652004,1.603128
674.661000,1.823069,1.774194,1.647116,1.593353
675.167000,1.832845,1.783969,1.656892,1.598240
675.673000,1.832845,1.783969,1.656892,1.603128
676.177000,1.827957,1.783969,1.652004,1.603128
676.683000,1.827957,1.783969,1.647116,1.598240
677.188000,1.827957,1.783969,1.652004,1.603128
677.694000,1.827957,1.783969,1.652004,1.603128
678.199000,1.827957,1.783969,1.652004,1.593353
678.705000,1.832845,1.783969,1.652004,1.583578
679.209000,1.832845,1.783969,1.652004,1.588465
679.715000,1.827957,1.779081,1.652004,1.583578
680.220000,1.827957,1.779081,1.647116,1.583578
680.726000,1.827957,1.779081,1.647116,1.588465
681.231000,1.818182,1.769306,1.642229,1.583578
681.737000,1.827957,1.779081,1.652004,1.588465
682.242000,1.827957,1.783969,1.647116,1.598240
682.747000,1.832845,1.774194,1.647116,1.593353
683.252000,1.823069,1.779081,1.652004,1.598240
683.758000,1.823069,1.779081,1.652004,1.593353
684.263000,1.823069,1.779081,1.652004,1.593353
684.769000,1.823069,1.774194,1.652004,1.593353
685.275000,1.827957,1.774194,1.647116,1.593353
685.779000,1.813294,1.764418,1.637341,1.583578
686.285000,1.823069,1.779081,1.652004,1.588465
686.790000,1.823069,1.774194,1.647116,1.588465
687.296000,1.823069,1.774194,1.647116,1.583578
687.801000,1.823069,1.774194,1.647116,1.583578
688.307000,1.823069,1.774194,1.642229,1.588465
688.812000,1.823069,1.769306,1.642229,1.588465
689.317000,1.823069,1.774194,1.642229,1.588465
689.822000,1.823069,1.769306,1.642229,1.588465
690.328000,1.818182,1.769306,1.642229,1.583578
690.833000,1.813294,1.764418,1.632453,1.573802
691.339000,1.813294,1.764418,1.637341,1.578690
691.844000,1.818182,1.769306,1.642229,1.583578
692.349000,1.818182,1.774194,1.632453,1.578690
692.855000,1.813294,1.774194,1.637341,1.583578
693.360000,1.818182,1.769306,1.632453,1.583578
693.866000,1.813294,1.769306,1.637341,1.583578
694.371000,1.808407,1.774194,1.637341,1.583578
694.877000,1.803519,1.764418,1.627566,1.568915
695.382000,1.798632,1.764418,1.622678,1.568915
695.887000,1.798632,1.769306,1.622678,1.568915
696.392000,1.803519,1.774194,1.622678,1.573802
696.898000,1.803519,1.769306,1.622678,1.573802
697.403000,1.808407,1.774194,1.632453,1.588465
697.909000,1.813294,1.769306,1.637341,1.583578
698.414000,1.813294,1.774194,1.632453,1.583578
698.919000,1.813294,1.774194,1.637341,1.583578
699.425000,1.813294,1.774194,1.632453,1.593353
699.930000,1.818182,1.769306,1.637341,1.583578
700.436000,1.813294,1.774194,1.637341,1.583578
700.941000,1.813294,1.769306,1.637341,1.583578
701.447000,1.808407,1.764418,1.627566,1.573802
701.952000,1.813294,1.764418,1.632453,1.583578
702.457000,1.808407,1.764418,1.632453,1.583578
702.962000,1.813294,1.764418,1.632453,1.578690
703.468000,1.808407,1.764418,1.637341,1.578690
703.973000,1.808407,1.764418,1.632453,1.578690
704.479000,1.803519,1.754643,1.622678,1.568915
704.984000,1.798632,1.754643,1.627566,1.573802
705.489000,1.798632,1.754643,1.622678,1.573802
705.995000,1.803519,1.759531,1.627566,1.573802
706.500000,1.803519,1.759531,1.637341,1.588465
707.006000,1.803519,1.759531,1.627566,1.583578
707.511000,1.803519,1.764418,1.627566,1.578690
708.017000,1.808407,1.759531,1.632453,1.583578
708.521000,1.808407,1.759531,1.627566,1.583578
709.027000,1.803519,1.759531,1.627566,1.583578
709.532000,1.798632,1.759531,1.627566,1.578690
710.038000,1.803519,1.759531,1.627566,1.578690
710.543000,1.798632,1.759531,1.627566,1.578690
711.049000,1.798632,1.759531,1.627566,1.573802
711.554000,1.798632,1.759531,1.622678,1.583578
712.059000,1.803519,1.759531,1.627566,1.578690
712.564000,1.798632,1.759531,1.622678,1.573802
713.070000,1.798632,1.754643,1.622678,1.573802
713.575000,1.798632,1.754643,1.622678,1.568915
714.081000,1.793744,1.754643,1.622678,1.573802
714.587000,1.793744,1.754643,1.622678,1.564027
715.091000,1.793744,1.759531,1.617791,1.568915
715.597000,1.793744,1.759531,1.617791,1.568915
716.102000,1.798632,1.754643,1.622678,1.568915
716.608000,1.793744,1.759531,1.617791,1.564027
717.113000,1.793744,1.759531,1.622678,1.564027
717.619000,1.793744,1.754643,1.617791,1.564027
718.124000,1.793744,1.749756,1.612903,1.564027
718.629000,1.798632,1.754643,1.617791,1.564027
719.134000,1.793744,1.749756,1.622678,1.568915
719.640000,1.798632,1.754643,1.617791,1.568915
720.145000,1.798632,1.749756,1.617791,1.568915
720.651000,1.798632,1.749756,1.627566,1.573802
721.156000,1.798632,1.749756,1.622678,1.568915
721.661000,1.803519,1.749756,1.622678,1.568915
722.167000,1.808407,1.754643,1.622678,1.573802
722.672000,1.798632,1.749756,1.622678,1.568915
723.178000,1.793744,1.744868,1.617791,1.564027
723.683000,1.798632,1.749756,1.622678,1.564027
724.189000,1.803519,1.754643,1.622678,1.564027
724.694000,1.798632,1.754643,1.617791,1.564027
725.199000,1.798632,1.754643,1.622678,1.568915
725.704000,1.798632,1.759531,1.622678,1.568915
726.210000,1.798632,1.759531,1.622678,1.564027
726.715000,1.793744,1.749756,1.622678,1.564027
727.221000,1.798632,1.754643,1.617791,1.568915
727.726000,1.793744,1.749756,1.612903,1.559140
728.231000,1.798632,1.754643,1.617791,1.564027
728.736000,1.798632,1.749756,1.612903,1.559140
729.242000,1.798632,1.749756,1.612903,1.549365
729.748000,1.793744,1.744868,1.617791,1.559140
730.253000,1.788856,1.739980,1.617791,1.559140
730.759000,1.788856,1.744868,1.612903,1.554252
731.264000,1.788856,1.744868,1.612903,1.559140
731.769000,1.783969,1.744868,1.612903,1.554252
732.274000,1.783969,1.739980,1.608016,1.549365
732.780000,1.788856,1.744868,1.612903,1.564027
733.285000,1.788856,1.744868,1.612903,1.564027
733.791000,1.793744,1.749756,1.612903,1.559140
734.296000,1.788856,1.749756,1.617791,1.559140
734.801000,1.793744,1.749756,1.612903,1.559140
735.306000,1.788856,1.744868,1.612903,1.559140
735.812000,1.788856,1.744868,1.612903,1.549365
736.317000,1.788856,1.744868,1.617791,1.549365
736.823000,1.788856,1.739980,1.612903,1.544477
737.329000,1.788856,1.739980,1.612903,1.549365
737.833000,1.788856,1.735093,1.603128,1.549365
738.339000,1.788856,1.739980,1.603128,1.549365
738.844000,1.783969,1.739980,1.608016,1.549365
739.350000,1.783969,1.739980,1.603128,1.544477
739.855000,1.783969,1.739980,1.603128,1.544477
740.361000,1.779081,1.739980,1.608016,1.549365
740.866000,1.779081,1.739980,1.603128,1.549365
741.371000,1.783969,1.739980,1.603128,1.544477
741.876000,1.779081,1.739980,1.603128,1.549365
742.382000,1.779081,1.739980,1.603128,1.549365
742.887000,1.774194,1.739980,1.603128,1.549365
743.393000,1.779081,1.744868,1.603128,1.549365
743.898000,1.783969,1.739980,1.603128,1.549365
744.403000,1.779081,1.739980,1.598240,1.549365
744.908000,1.779081,1.735093,1.603128,1.549365
745.414000,1.779081,1.739980,1.603128,1.554252
745.919000,1.774194,1.739980,1.603128,1.549365
746.425000,1.779081,1.739980,1.603128,1.549365
746.931000,1.779081,1.735093,1.598240,1.554252
747.436000,1.783969,1.735093,1.598240,1.549365
747.941000,1.779081,1.735093,1.603128,1.554252
748.446000,1.779081,1.739980,1.603128,1.554252
748.952000,1.774194,1.730205,1.598240,1.544477
749.457000,1.779081,1.735093,1.603128,1.549365
749.963000,1.779081,1.735093,1.603128,1.549365
750.468000,1.779081,1.735093,1.608016,1.549365
750.973000,1.779081,1.735093,1.603128,1.544477
751.478000,1.783969,1.730205,1.603128,1.549365
751.984000,1.779081,1.735093,1.598240,1.544477
752.489000,1.779081,1.735093,1.603128,1.544477
752.995000,1.783969,1.730205,1.603128,1.544477
753.500000,1.783969,1.735093,1.603128,1.544477
754.006000,1.779081,1.735093,1.603128,1.539589
754.510000,1.779081,1.730205,1.603128,1.539589
755.016000,1.783969,1.735093,1.603128,1.544477
755.522000,1.779081,1.730205,1.603128,1.544477
756.027000,1.779081,1.735093,1.603128,1.544477
756.533000,1.779081,1.730205,1.598240,1.539589
757.038000,1.779081,1.730205,1.598240,1.544477
757.543000,1.774194,1.730205,1.598240,1.544477
758.048000,1.769306,1.725318,1.593353,1.539589
758.554000,1.774194,1.725318,1.593353,1.539589
759.059000,1.769306,1.730205,1.598240,1.544477
759.565000,1.769306,1.725318,1.593353,1.544477
760.070000,1.764418,1.725318,1.588465,1.539589
760.576000,1.759531,1.730205,1.593353,1.544477
761.080000,1.759531,1.725318,1.583578,1.544477
761.586000,1.764418,1.725318,1.583578,1.539589
762.091000,1.759531,1.725318,1.583578,1.544477
762.597000,1.764418,1.725318,1.578690,1.544477
763.103000,1.759531,1.725318,1.578690,1.539589
763.608000,1.759531,1.720430,1.578690,1.539589
764.113000,1.759531,1.725318,1.573802,1.539589
764.618000,1.754643,1.725318,1.573802,1.539589
765.124000,1.759531,1.725318,1.573802,1.539589
765.629000,1.759531,1.725318,1.573802,1.534702
766.135000,1.759531,1.720430,1.573802,1.534702
766.640000,1.754643,1.715543,1.573802,1.539589
767.145000,1.754643,1.725318,1.573802,1.534702
767.650000,1.754643,1.720430,1.573802,1.529814
768.156000,1.754643,1.720430,1.573802,1.534702
768.661000,1.754643,1.720430,1.578690,1.534702
769.167000,1.754643,1.720430,1.573802,1.524927
769.672000,1.754643,1.730205,1.578690,1.529814
770.178000,1.754643,1.720430,1.573802,1.534702
770.682000,1.749756,1.715543,1.568915,1.524927
771.188000,1.754643,1.720430,1.573802,1.529814
771.693000,1.754643,1.715543,1.573802,1.529814
772.199000,1.749756,1.715543,1.573802,1.529814
772.705000,1.754643,1.715543,1.578690,1.529814
773.210000,1.754643,1.715543,1.573802,1.529814
773.715000,1.754643,1.715543,1.573802,1.529814
774.220000,1.754643,1.715543,1.578690,1.529814
774.726000,1.754643,1.710655,1.573802,1.534702
775.231000,1.749756,1.710655,1.568915,1.524927
775.737000,1.754643,1.710655,1.578690,1.529814
776.242000,1.754643,1.715543,1.578690,1.534702
776.748000,1.754643,1.720430,1.578690,1.524927
777.252000,1.754643,1.715543,1.578690,1.524927
777.758000,1.754643,1.710655,1.578690,1.524927
778.263000,1.749756,1.710655,1.573802,1.520039
778.769000,1.749756,1.710655,1.578690,1.524927
779.274000,1.754643,1.715543,1.573802,1.524927
779.780000,1.754643,1.715543,1.573802,1.520039
780.284000,1.749756,1.710655,1.573802,1.524927
780.790000,1.754643,1.710655,1.573802,1.524927
781.296000,1.749756,1.710655,1.573802,1.520039
781.801000,1.754643,1.710655,1.573802,1.524927
782.307000,1.749756,1.710655,1.573802,1.524927
782.812000,1.749756,1.710655,1.568915,1.520039
783.318000,1.749756,1.710655,1.573802,1.520039
783.822000,1.754643,1.705767,1.568915,1.524927
784.328000,1.749756,1.710655,1.568915,1.515151
784.833000,1.749756,1.715543,1.573802,1.520039
785.339000,1.754643,1.710655,1.568915,1.520039
785.844000,1.749756,1.710655,1.568915,1.515151
786.350000,1.754643,1.710655,1.568915,1.520039
786.854000,1.749756,1.710655,1.568915,1.520039
787.360000,1.749756,1.715543,1.564027,1.515151
787.865000,1.749756,1.710655,1.568915,1.515151
788.371000,1.749756,1.710655,1.568915,1.515151
788.877000,1.749756,1.705767,1.568915,1.515151
789.382000,1.744868,1.705767,1.564027,1.520039
789.888000,1.744868,1.705767,1.564027,1.515151
790.392000,1.744868,1.710655,1.568915,1.515151
790.898000,1.744868,1.700880,1.564027,1.510264
791.403000,1.739980,1.705767,1.564027,1.510264
791.909000,1.739980,1.700880,1.559140,1.510264
792.414000,1.739980,1.700880,1.564027,1.510264
792.920000,1.739980,1.700880,1.564027,1.515151
793.424000,1.735093,1.700880,1.564027,1.510264
793.930000,1.735093,1.700880,1.564027,1.515151
794.435000,1.735093,1.700880,1.564027,1.515151
794.941000,1.735093,1.700880,1.559140,1.515151
795.446000,1.735093,1.700880,1.559140,1.515151
795.952000,1.735093,1.695992,1.559140,1.515151
796.456000,1.730205,1.700880,1.554252,1.515151
796.962000,1.730205,1.695992,1.554252,1.510264
797.467000,1.735093,1.695992,1.559140,1.515151
797.973000,1.735093,1.700880,1.549365,1.515151
798.478000,1.730205,1.700880,1.554252,1.510264
798.984000,1.730205,1.695992,1.554252,1.510264
799.489000,1.725318,1.695992,1.554252,1.510264
799.994000,1.730205,1.700880,1.544477,1.495601
800.499000,1.730205,1.695992,1.554252,1.505376
801.005000,1.735093,1.705767,1.554252,1.505376
801.511000,1.730205,1.700880,1.554252,1.500489
802.016000,1.720430,1.691105,1.549365,1.495601
802.522000,1.735093,1.700880,1.554252,1.505376
803.026000,1.730205,1.695992,1.554252,1.505376
803.532000,1.730205,1.695992,1.559140,1.510264
804.037000,1.730205,1.691105,1.549365,1.505376
804.543000,1.730205,1.695992,1.549365,1.510264
805.048000,1.730205,1.695992,1.554252,1.505376
805.554000,1.735093,1.691105,1.549365,1.510264
806.059000,1.730205,1.695992,1.554252,1.510264
806.564000,1.730205,1.695992,1.554252,1.510264
807.069000,1.730205,1.695992,1.554252,1.520039
807.575000,1.730205,1.695992,1.554252,1.505376
808.080000,1.730205,1.695992,1.554252,1.505376
808.586000,1.730205,1.691105,1.549365,1.505376
809.091000,1.730205,1.695992,1.554252,1.500489
809.596000,1.735093,1.695992,1.554252,1.500489
810.101000,1.730205,1.691105,1.554252,1.505376
810.607000,1.730205,1.691105,1.549365,1.500489
811.112000,1.730205,1.686217,1.549365,1.505376
811.618000,1.735093,1.691105,1.554252,1.510264
812.124000,1.735093,1.691105,1.554252,1.505376
812.628000,1.730205,1.691105,1.559140,1.505376
813.134000,1.730205,1.691105,1.554252,1.505376
813.639000,1.735093,1.681329,1.554252,1.500489
814.145000,1.735093,1.691105,1.554252,1.505376
814.650000,1.735093,1.686217,1.554252,1.500489
815.156000,1.739980,1.691105,1.554252,1.500489
815.661000,1.735093,1.686217,1.559140,1.500489
816.166000,1.735093,1.691105,1.554252,1.500489
816.671000,1.735093,1.686217,1.554252,1.495601
817.177000,1.735093,1.686217,1.559140,1.505376
817.682000,1.730205,1.686217,1.554252,1.500489
818.188000,1.735093,1.686217,1.554252,1.495601
818.693000,1.730205,1.686217,1.554252,1.500489
819.198000,1.730205,1.686217,1.549365,1.500489
819.703000,1.735093,1.686217,1.549365,1.495601
820.209000,1.730205,1.686217,1.549365,1.495601
820.714000,1.730205,1.686217,1.549365,1.495601
821.220000,1.725318,1.681329,1.549365,1.490714
821.726000,1.725318,1.686217,1.549365,1.490714
822.231000,1.725318,1.681329,1.544477,1.490714
822.736000,1.720430,1.681329,1.539589,1.490714
823.241000,1.720430,1.686217,1.544477,1.490714
823.747000,1.720430,1.686217,1.544477,1.495601
824.252000,1.715543,1.686217,1.539589,1.495601
824.758000,1.720430,1.686217,1.539589,1.495601
825.263000,1.715543,1.691105,1.534702,1.500489
825.768000,1.715543,1.686217,1.534702,1.490714
826.273000,1.715543,1.686217,1.534702,1.495601
826.779000,1.715543,1.686217,1.539589,1.490714
827.284000,1.715543,1.681329,1.534702,1.490714
827.790000,1.715543,1.681329,1.539589,1.490714
828.295000,1.715543,1.681329,1.534702,1.495601
828.801000,1.710655,1.676442,1.529814,1.480938
829.305000,1.715543,1.681329,1.534702,1.490714
829.811000,1.710655,1.686217,1.534702,1.490714
830.317000,1.715543,1.681329,1.534702,1.485826
830.822000,1.710655,1.681329,1.534702,1.490714
831.328000,1.710655,1.681329,1.534702,1.490714
831.833000,1.710655,1.681329,1.534702,1.485826
832.338000,1.710655,1.676442,1.539589,1.490714
832.843000,1.710655,1.676442,1.534702,1.495601
833.349000,1.710655,1.671554,1.534702,1.485826
833.854000,1.710655,1.676442,1.529814,1.490714
834.360000,1.710655,1.671554,1.534702,1.485826
834.865000,1.710655,1.671554,1.534702,1.485826
835.371000,1.705767,1.671554,1.529814,1.485826
835.875000,1.710655,1.671554,1.529814,1.490714
836.381000,1.705767,1.671554,1.524927,1.485826
836.886000,1.710655,1.676442,1.529814,1.485826
837.392000,1.710655,1.676442,1.529814,1.485826
837.898000,1.705767,1.671554,1.524927,1.480938
838.403000,1.705767,1.671554,1.529814,1.480938
838.908000,1.710655,1.671554,1.529814,1.480938
839.413000,1.710655,1.676442,1.529814,1.480938
839.919000,1.705767,1.676442,1.534702,1.476051
840.424000,1.710655,1.676442,1.529814,1.480938
840.930000,1.710655,1.681329,1.529814,1.480938
841.435000,1.710655,1.681329,1.529814,1.480938
841.940000,1.710655,1.681329,1.529814,1.490714
842.445000,1.710655,1.681329,1.534702,1.485826
842.951000,1.710655,1.676442,1.529814,1.485826
843.456000,1.705767,1.676442,1.534702,1.485826
843.962000,1.710655,1.676442,1.529814,1.485826
844.467000,1.710655,1.676442,1.524927,1.480938
844.973000,1.705767,1.681329,1.529814,1.480938
845.477000,1.705767,1.676442,1.524927,1.480938
845.983000,1.710655,1.676442,1.524927,1.480938
846.489000,1.705767,1.676442,1.529814,1.476051
846.994000,1.705767,1.676442,1.529814,1.476051
847.500000,1.700880,1.676442,1.524927,1.471163
848.005000,1.705767,1.671554,1.529814,1.476051
848.510000,1.705767,1.666667,1.524927,1.480938
849.015000,1.700880,1.666667,1.520039,1.476051
849.521000,1.700880,1.666667,1.524927,1.480938
850.026000,1.695992,1.671554,1.524927,1.480938
850.532000,1.700880,1.666667,1.520039,1.480938
851.037000,1.700880,1.661779,1.520039,1.476051
851.543000,1.700880,1.666667,1.520039,1.480938
852.047000,1.700880,1.661779,1.520039,1.476051
852.553000,1.695992,1.661779,1.524927,1.476051
853.058000,1.700880,1.666667,1.520039,1.480938
853.564000,1.705767,1.661779,1.520039,1.476051
854.069000,1.700880,1.666667,1.520039,1.480938
854.575000,1.700880,1.666667,1.515151,1.476051
855.079000,1.700880,1.666667,1.520039,1.476051
855.585000,1.695992,1.666667,1.520039,1.480938
856.090000,1.700880,1.661779,1.515151,1.480938
856.596000,1.700880,1.666667,1.520039,1.476051
857.101000,1.700880,1.661779,1.520039,1.485826
857.607000,1.695992,1.661779,1.515151,1.480938
858.112000,1.691105,1.661779,1.515151,1.476051
858.617000,1.691105,1.661779,1.520039,1.476051
859.122000,1.695992,1.656892,1.515151,1.480938
859.628000,1.695992,1.661779,1.515151,1.471163
860.134000,1.695992,1.661779,1.515151,1.476051
860.639000,1.695992,1.661779,1.515151,1.480938
861.145000,1.695992,1.661779,1.520039,1.471163
861.649000,1.695992,1.656892,1.515151,1.476051
862.155000,1.691105,1.661779,1.510264,1.476051
862.660000,1.691105,1.661779,1.510264,1.476051
863.166000,1.691105,1.656892,1.515151,1.471163
863.671000,1.691105,1.661779,1.510264,1.476051
864.177000,1.691105,1.661779,1.510264,1.466276
864.681000,1.691105,1.661779,1.515151,1.466276
865.187000,1.691105,1.656892,1.510264,1.471163
865.693000,1.691105,1.656892,1.510264,1.461388
866.198000,1.691105,1.656892,1.510264,1.461388
866.704000,1.691105,1.656892,1.505376,1.461388
867.209000,1.691105,1.656892,1.510264,1.456500
867.715000,1.691105,1.656892,1.515151,1.456500
868.219000,1.691105,1.661779,1.510264,1.461388
868.725000,1.691105,1.656892,1.515151,1.451613
869.230000,1.691105,1.661779,1.510264,1.456500
869.736000,1.691105,1.656892,1.510264,1.456500
870.241000,1.691105,1.656892,1.510264,1.451613
870.747000,1.691105,1.661779,1.510264,1.456500
871.251000,1.686217,1.661779,1.510264,1.456500
871.757000,1.691105,1.661779,1.510264,1.451613
872.262000,1.691105,1.666667,1.510264,1.461388
872.768000,1.686217,1.661779,1.510264,1.461388
873.273000,1.691105,1.661779,1.510264,1.456500
873.779000,1.686217,1.661779,1.510264,1.461388
874.285000,1.686217,1.656892,1.510264,1.461388
874.789000,1.686217,1.656892,1.515151,1.461388
875.295000,1.691105,1.656892,1.510264,1.461388
875.800000,1.691105,1.656892,1.515151,1.461388
876.306000,1.686217,1.656892,1.510264,1.456500
876.811000,1.691105,1.656892,1.510264,1.456500
877.317000,1.691105,1.661779,1.515151,1.461388
877.821000,1.686217,1.652004,1.505376,1.456500
878.327000,1.686217,1.656892,1.510264,1.461388
878.832000,1.686217,1.661779,1.510264,1.461388
879.338000,1.686217,1.656892,1.505376,1.456500
879.843000,1.691105,1.656892,1.505376,1.461388
880.349000,1.691105,1.656892,1.510264,1.456500
880.854000,1.691105,1.656892,1.515151,1.451613
881.359000,1.691105,1.656892,1.510264,1.451613
881.865000,1.695992,1.652004,1.510264,1.456500
882.370000,1.691105,1.652004,1.515151,1.456500
882.876000,1.691105,1.652004,1.515151,1.446725
883.381000,1.691105,1.647116,1.515151,1.451613
883.887000,1.695992,1.647116,1.510264,1.451613
884.391000,1.686217,1.647116,1.510264,1.451613
884.897000,1.686217,1.647116,1.510264,1.446725
885.402000,1.686217,1.642229,1.500489,1.451613
885.908000,1.676442,1.637341,1.500489,1.446725
886.413000,1.681329,1.637341,1.500489,1.446725
886.919000,1.676442,1.637341,1.500489,1.441838
887.424000,1.676442,1.637341,1.495601,1.441838
887.929000,1.676442,1.637341,1.500489,1.436950
888.435000,1.681329,1.637341,1.500489,1.441838
888.940000,1.676442,1.637341,1.495601,1.441838
889.446000,1.676442,1.637341,1.500489,1.441838
889.951000,1.681329,1.642229,1.500489,1.451613
890.457000,1.681329,1.642229,1.500489,1.446725
890.961000,1.676442,1.637341,1.495601,1.451613
891.467000,1.681329,1.647116,1.500489,1.451613
891.972000,1.681329,1.647116,1.500489,1.446725
892.478000,1.676442,1.637341,1.505376,1.446725
892.983000,1.681329,1.647116,1.500489,1.451613
893.489000,1.676442,1.642229,1.500489,1.441838
893.993000,1.681329,1.647116,1.505376,1.441838
894.499000,1.676442,1.642229,1.500489,1.446725
895.004000,1.681329,1.647116,1.500489,1.441838
895.510000,1.676442,1.642229,1.500489,1.446725
896.016000,1.681329,1.642229,1.500489,1.451613
896.521000,1.676442,1.642229,1.495601,1.446725
897.027000,1.676442,1.642229,1.500489,1.451613
897.531000,1.676442,1.637341,1.495601,1.451613
898.037000,1.676442,1.637341,1.495601,1.446725
898.542000,1.666667,1.632453,1.490714,1.446725
899.048000,1.666667,1.632453,1.490714,1.441838
899.553000,1.671554,1.632453,1.490714,1.446725
900.059000,1.671554,1.637341,1.495601,1.446725
900.563000,1.666667,1.637341,1.490714,1.441838
901.069000,1.666667,1.632453,1.490714,1.436950
901.574000,1.666667,1.637341,1.490714,1.432063
902.080000,1.666667,1.637341,1.490714,1.441838
902.586000,1.666667,1.637341,1.485826,1.436950
903.091000,1.666667,1.637341,1.495601,1.436950
903.597000,1.666667,1.632453,1.490714,1.432063
904.101000,1.666667,1.632453,1.490714,1.432063
904.607000,1.666667,1.637341,1.490714,1.432063
905.112000,1.661779,1.637341,1.485826,1.432063
905.618000,1.661779,1.632453,1.490714,1.436950
906.123000,1.671554,1.632453,1.485826,1.436950
906.629000,1.666667,1.627566,1.490714,1.441838
907.133000,1.666667,1.627566,1.485826,1.436950
907.639000,1.661779,1.632453,1.485826,1.436950
908.144000,1.661779,1.627566,1.485826,1.441838
908.650000,1.666667,1.627566,1.485826,1.441838
909.155000,1.666667,1.627566,1.485826,1.432063
909.661000,1.666667,1.627566,1.485826,1.432063
910.167000,1.661779,1.632453,1.480938,1.432063
910.671000,1.661779,1.627566,1.480938,1.432063
911.177000,1.661779,1.627566,1.480938,1.436950
911.682000,1.666667,1.627566,1.480938,1.436950
912.188000,1.666667,1.627566,1.476051,1.432063
912.693000,1.656892,1.622678,1.476051,1.432063
913.199000,1.661779,1.627566,1.480938,1.436950
913.703000,1.661779,1.632453,1.480938,1.436950
914.209000,1.661779,1.632453,1.485826,1.441838
914.714000,1.656892,1.617791,1.476051,1.441838
915.220000,1.656892,1.622678,1.476051,1.432063
915.725000,1.656892,1.627566,1.485826,1.432063
916.231000,1.656892,1.622678,1.480938,1.432063
916.736000,1.666667,1.622678,1.485826,1.436950
917.241000,1.656892,1.622678,1.480938,1.432063
917.747000,1.661779,1.622678,1.476051,1.436950
918.252000,1.661779,1.627566,1.480938,1.432063
918.758000,1.656892,1.627566,1.485826,1.436950
919.263000,1.661779,1.627566,1.480938,1.436950
919.769000,1.656892,1.627566,1.480938,1.432063
920.273000,1.656892,1.622678,1.476051,1.432063
920.779000,1.656892,1.627566,1.480938,1.436950
921.284000,1.656892,1.632453,1.476051,1.432063
921.790000,1.656892,1.627566,1.480938,1.432063
922.295000,1.656892,1.622678,1.480938,1.432063
922.801000,1.656892,1.627566,1.480938,1.432063
923.305000,1.656892,1.622678,1.476051,1.432063
923.811000,1.656892,1.622678,1.476051,1.436950
924.316000,1.647116,1.617791,1.471163,1.427175
924.822000,1.652004,1.627566,1.476051,1.436950
925.327000,1.656892,1.627566,1.471163,1.432063
925.833000,1.652004,1.627566,1.471163,1.422287
926.339000,1.652004,1.627566,1.476051,1.422287
926.843000,1.652004,1.622678,1.471163,1.427175
927.349000,1.652004,1.622678,1.471163,1.422287
927.854000,1.652004,1.622678,1.476051,1.427175
928.360000,1.652004,1.622678,1.476051,1.427175
928.865000,1.652004,1.622678,1.466276,1.422287
929.371000,1.652004,1.627566,1.476051,1.422287
929.875000,1.652004,1.622678,1.471163,1.427175
930.381000,1.652004,1.632453,1.471163,1.422287
930.886000,1.652004,1.627566,1.471163,1.427175
931.392000,1.652004,1.627566,1.471163,1.427175
931.897000,1.652004,1.627566,1.476051,1.422287
932.403000,1.656892,1.627566,1.476051,1.427175
932.909000,1.652004,1.622678,1.476051,1.427175
933.413000,1.647116,1.622678,1.471163,1.417400
933.919000,1.652004,1.622678,1.480938,1.422287
934.424000,1.652004,1.627566,1.471163,1.422287
934.930000,1.652004,1.622678,1.471163,1.417400
935.435000,1.652004,1.622678,1.476051,1.417400
935.941000,1.652004,1.622678,1.471163,1.422287
936.445000,1.652004,1.627566,1.476051,1.412512
936.951000,1.652004,1.627566,1.471163,1.412512
937.456000,1.652004,1.627566,1.476051,1.422287
937.962000,1.652004,1.627566,1.471163,1.417400
938.467000,1.652004,1.627566,1.480938,1.417400
938.973000,1.647116,1.622678,1.471163,1.422287
939.478000,1.652004,1.627566,1.471163,1.417400
939.983000,1.652004,1.627566,1.471163,1.422287
940.488000,1.652004,1.627566,1.471163,1.422287
940.994000,1.642229,1.617791,1.466276,1.417400
941.500000,1.647116,1.627566,1.471163,1.412512
942.005000,1.652004,1.622678,1.471163,1.417400
942.511000,1.647116,1.617791,1.466276,1.412512
943.015000,1.647116,1.617791,1.466276,1.407625
943.521000,1.652004,1.622678,1.476051,1.417400
944.026000,1.647116,1.622678,1.476051,1.417400
944.532000,1.652004,1.622678,1.476051,1.417400
945.037000,1.647116,1.627566,1.476051,1.422287
945.543000,1.647116,1.627566,1.471163,1.417400
946.048000,1.637341,1.622678,1.471163,1.417400
946.553000,1.647116,1.627566,1.471163,1.417400
947.058000,1.652004,1.627566,1.466276,1.417400
947.564000,1.647116,1.627566,1.466276,1.412512
948.069000,1.647116,1.622678,1.476051,1.417400
948.575000,1.647116,1.622678,1.466276,1.417400
949.080000,1.647116,1.622678,1.471163,1.412512
949.585000,1.652004,1.627566,1.471163,1.412512
950.091000,1.647116,1.622678,1.471163,1.412512
950.596000,1.652004,1.617791,1.471163,1.412512
951.102000,1.647116,1.622678,1.471163,1.412512
951.607000,1.647116,1.617791,1.471163,1.417400
952.113000,1.647116,1.617791,1.471163,1.412512
952.617000,1.647116,1.617791,1.471163,1.417400
953.123000,1.647116,1.612903,1.471163,1.417400
953.628000,1.647116,1.612903,1.471163,1.412512
954.134000,1.647116,1.612903,1.471163,1.412512
954.639000,1.647116,1.617791,1.466276,1.417400
955.145000,1.647116,1.617791,1.466276,1.407625
955.650000,1.652004,1.612903,1.471163,1.417400
956.155000,1.637341,1.608016,1.461388,1.412512
956.661000,1.642229,1.612903,1.461388,1.407625
957.166000,1.642229,1.612903,1.466276,1.412512
957.672000,1.647116,1.612903,1.461388,1.412512
958.177000,1.642229,1.612903,1.461388,1.412512
958.683000,1.642229,1.612903,1.461388,1.417400
959.187000,1.637341,1.608016,1.461388,1.417400
959.693000,1.637341,1.608016,1.461388,1.412512
960.198000,1.642229,1.608016,1.461388,1.407625
960.704000,1.642229,1.608016,1.461388,1.407625
961.209000,1.642229,1.612903,1.461388,1.402737
961.715000,1.642229,1.603128,1.461388,1.407625
962.220000,1.642229,1.608016,1.461388,1.412512
962.725000,1.637341,1.612903,1.461388,1.412512
963.230000,1.637341,1.608016,1.466276,1.412512
963.736000,1.642229,1.608016,1.461388,1.412512
964.242000,1.642229,1.608016,1.461388,1.402737
964.747000,1.642229,1.612903,1.466276,1.407625
965.253000,1.637341,1.608016,1.461388,1.407625
965.757000,1.637341,1.603128,1.456500,1.397849
966.263000,1.642229,1.612903,1.461388,1.402737
966.768000,1.642229,1.608016,1.461388,1.402737
967.274000,1.637341,1.608016,1.456500,1.397849
967.779000,1.637341,1.608016,1.461388,1.402737
968.285000,1.637341,1.608016,1.456500,1.402737
968.790000,1.637341,1.608016,1.456500,1.397849
969.295000,1.642229,1.608016,1.456500,1.397849
969.800000,1.632453,1.603128,1.456500,1.402737
970.306000,1.632453,1.603128,1.451613,1.402737
970.811000,1.632453,1.603128,1.456500,1.402737
971.317000,1.637341,1.603128,1.456500,1.402737
971.822000,1.627566,1.608016,1.451613,1.402737
972.327000,1.632453,1.603128,1.456500,1.397849
972.833000,1.622678,1.598240,1.446725,1.392962
973.338000,1.627566,1.598240,1.446725,1.392962
973.844000,1.627566,1.603128,1.451613,1.392962
974.349000,1.632453,1.603128,1.451613,1.397849
974.855000,1.627566,1.598240,1.446725,1.392962
975.360000,1.632453,1.598240,1.446725,1.392962
975.865000,1.632453,1.608016,1.451613,1.392962
976.370000,1.627566,1.603128,1.446725,1.397849
976.876000,1.622678,1.598240,1.441838,1.388074
977.381000,1.627566,1.593353,1.451613,1.392962
977.887000,1.627566,1.608016,1.451613,1.397849
978.392000,1.637341,1.603128,1.456500,1.397849
978.897000,1.627566,1.598240,1.456500,1.397849
979.402000,1.632453,1.603128,1.451613,1.392962
979.908000,1.627566,1.598240,1.446725,1.392962
980.413000,1.632453,1.598240,1.451613,1.397849
980.919000,1.627566,1.598240,1.451613,1.397849
981.425000,1.627566,1.598240,1.446725,1.392962
981.929000,1.627566,1.593353,1.446725,1.397849
982.435000,1.627566,1.598240,1.446725,1.397849
982.940000,1.627566,1.598240,1.446725,1.388074
983.446000,1.622678,1.593353,1.446725,1.388074
983.951000,1.622678,1.593353,1.446725,1.388074
984.457000,1.632453,1.593353,1.446725,1.383187
984.962000,1.627566,1.598240,1.446725,1.388074
985.467000,1.622678,1.593353,1.441838,1.388074
985.972000,1.617791,1.583578,1.441838,1.388074
986.478000,1.622678,1.593353,1.441838,1.392962
986.983000,1.627566,1.593353,1.441838,1.392962
987.489000,1.627566,1.593353,1.441838,1.388074
987.994000,1.622678,1.598240,1.441838,1.392962
988.499000,1.622678,1.593353,1.441838,1.392962
989.005000,1.622678,1.588465,1.441838,1.388074
989.510000,1.622678,1.593353,1.446725,1.388074
990.016000,1.622678,1.593353,1.441838,1.392962
990.521000,1.622678,1.593353,1.441838,1.388074
991.027000,1.612903,1.588465,1.441838,1.383187
991.532000,1.627566,1.588465,1.446725,1.392962
992.037000,1.622678,1.588465,1.441838,1.388074
992.542000,1.617791,1.593353,1.441838,1.388074
993.048000,1.617791,1.588465,1.441838,1.388074
993.553000,1.612903,1.578690,1.432063,1.378299
994.059000,1.617791,1.583578,1.441838,1.383187
994.564000,1.612903,1.583578,1.436950,1.383187
995.069000,1.617791,1.583578,1.432063,1.378299
995.574000,1.612903,1.583578,1.441838,1.378299
996.080000,1.617791,1.578690,1.436950,1.383187
996.585000,1.612903,1.583578,1.432063,1.378299
997.091000,1.612903,1.583578,1.436950,1.378299
997.597000,1.612903,1.583578,1.432063,1.378299
998.102000,1.612903,1.583578,1.436950,1.373412
998.607000,1.612903,1.583578,1.436950,1.378299
999.112000,1.617791,1.583578,1.432063,1.383187
999.618000,1.612903,1.583578,1.427175,1.378299
1000.123000,1.612903,1.583578,1.427175,1.383187
1000.629000,1.608016,1.583578,1.432063,1.388074
1001.135000,1.608016,1.578690,1.432063,1.388074
1001.639000,1.608016,1.583578,1.432063,1.378299
1002.145000,1.612903,1.583578,1.436950,1.383187
1002.651000,1.612903,1.583578,1.432063,1.383187
1003.156000,1.612903,1.583578,1.432063,1.378299
1003.662000,1.612903,1.583578,1.436950,1.378299
1004.168000,1.612903,1.588465,1.436950,1.378299
1004.673000,1.612903,1.583578,1.432063,1.383187
1005.178000,1.612903,1.583578,1.432063,1.383187
1005.684000,1.612903,1.583578,1.436950,1.392962
1006.190000,1.612903,1.588465,1.432063,1.388074
1006.695000,1.612903,1.578690,1.432063,1.383187
1007.201000,1.617791,1.583578,1.432063,1.383187
1007.707000,1.612903,1.578690,1.432063,1.388074
1008.211000,1.608016,1.583578,1.432063,1.383187
1008.717000,1.612903,1.578690,1.432063,1.383187
1009.223000,1.603128,1.578690,1.432063,1.383187
1009.728000,1.612903,1.578690,1.432063,1.383187
1010.234000,1.608016,1.583578,1.427175,1.383187
1010.740000,1.612903,1.578690,1.432063,1.383187
1011.245000,1.608016,1.578690,1.441838,1.383187
1011.750000,1.608016,1.578690,1.427175,1.383187
1012.256000,1.608016,1.578690,1.427175,1.378299
1012.762000,1.608016,1.573802,1.427175,1.378299
1013.267000,1.603128,1.573802,1.422287,1.378299
1013.773000,1.603128,1.573802,1.422287,1.378299
1014.279000,1.603128,1.573802,1.427175,1.373412
1014.784000,1.598240,1.573802,1.417400,1.378299
1015.289000,1.603128,1.573802,1.422287,1.373412
1015.795000,1.598240,1.573802,1.422287,1.373412
1016.300000,1.598240,1.568915,1.417400,1.378299
1016.806000,1.598240,1.568915,1.417400,1.373412
1017.312000,1.598240,1.568915,1.422287,1.373412
1017.818000,1.593353,1.568915,1.417400,1.378299
1018.322000,1.598240,1.568915,1.412512,1.373412
1018.828000,1.598240,1.568915,1.422287,1.373412
1019.334000,1.598240,1.573802,1.412512,1.373412
1019.839000,1.593353,1.568915,1.417400,1.373412
1020.345000,1.598240,1.568915,1.412512,1.378299
1020.851000,1.593353,1.568915,1.417400,1.378299
1021.356000,1.593353,1.568915,1.417400,1.373412
1021.861000,1.593353,1.564027,1.417400,1.383187
1022.367000,1.593353,1.568915,1.412512,1.373412
1022.872000,1.593353,1.564027,1.412512,1.373412
1023.378000,1.593353,1.564027,1.417400,1.373412
1023.884000,1.593353,1.568915,1.412512,1.373412
1024.390000,1.593353,1.564027,1.412512,1.373412
1024.894000,1.588465,1.564027,1.412512,1.373412
1025.400000,1.588465,1.564027,1.407625,1.373412
1025.906000,1.588465,1.564027,1.412512,1.368524
1026.411000,1.593353,1.564027,1.412512,1.368524
1026.917000,1.593353,1.564027,1.417400,1.373412
1027.423000,1.598240,1.564027,1.412512,1.373412
1027.928000,1.593353,1.564027,1.412512,1.368524
1028.433000,1.593353,1.564027,1.417400,1.373412
1028.939000,1.598240,1.564027,1.412512,1.373412
1029.445000,1.593353,1.564027,1.412512,1.368524
1029.950000,1.593353,1.564027,1.412512,1.368524
1030.456000,1.588465,1.559140,1.412512,1.363636
1030.962000,1.593353,1.564027,1.412512,1.368524
1031.467000,1.593353,1.564027,1.422287,1.368524
1031.972000,1.598240,1.564027,1.417400,1.363636
1032.478000,1.593353,1.568915,1.417400,1.368524
1032.983000,1.598240,1.564027,1.412512,1.363636
1033.489000,1.598240,1.564027,1.417400,1.363636
1033.995000,1.593353,1.568915,1.417400,1.363636
1034.500000,1.598240,1.568915,1.417400,1.363636
1035.005000,1.598240,1.564027,1.412512,1.358749
1035.511000,1.583578,1.549365,1.407625,1.358749
1036.017000,1.593353,1.564027,1.412512,1.363636
1036.522000,1.593353,1.559140,1.412512,1.363636
1037.028000,1.593353,1.564027,1.417400,1.363636
1037.534000,1.593353,1.559140,1.412512,1.363636
1038.039000,1.598240,1.559140,1.412512,1.368524
1038.544000,1.593353,1.564027,1.412512,1.363636
1039.050000,1.593353,1.559140,1.417400,1.368524
1039.555000,1.593353,1.559140,1.412512,1.368524
1040.061000,1.593353,1.559140,1.412512,1.368524
1040.567000,1.588465,1.559140,1.412512,1.368524
